Date,pm25_daily_mean,pm25_daily_mean_interpolated,was_interpolated,high_pm25_day,year,month,season,temperature_2m_mean,relative_humidity_2m_mean,dew_point_2m_mean,precipitation_sum,wind_speed_10m_mean,wind_direction_10m_dominant,pressure_msl_mean,shortwave_radiation_sum,cloud_cover_mean,wind_gusts_10m_max,et0_fao_evapotranspiration,wind_direction_sin,wind_direction_cos
2021-01-01,22.05779166666667,22.05779166666667,False,1,2021,1,Winter,0.4,93.0,-0.5,0.9,6.1,299.0,1012.8,1.86,69.0,18.0,0.17,-0.8746197071393956,0.4848096202463373
2021-01-02,12.609041666666668,12.609041666666668,False,0,2021,1,Winter,-0.1,91.0,-1.4,1.5,4.7,337.0,1017.5,2.5,51.0,18.4,0.2,-0.3907311284892739,0.9205048534524403
2021-01-03,4.052666666666666,4.052666666666666,False,0,2021,1,Winter,3.0,88.0,1.2,0.0,13.8,33.0,1021.2,1.99,68.0,33.8,0.28,0.5446390350150271,0.838670567945424
2021-01-04,4.946958333333334,4.946958333333334,False,0,2021,1,Winter,2.7,85.0,0.3,0.0,14.7,33.0,1025.4,1.83,63.0,33.8,0.36,0.5446390350150271,0.838670567945424
2021-01-05,7.1542916666666665,7.1542916666666665,False,0,2021,1,Winter,2.5,82.0,-0.4,0.0,13.2,23.0,1025.5,3.2,59.0,32.4,0.45,0.39073112848927377,0.9205048534524404
2021-01-06,15.808791666666666,15.808791666666666,False,1,2021,1,Winter,0.9,89.0,-0.8,0.0,8.0,18.0,1023.2,3.09,28.0,20.2,0.26,0.3090169943749474,0.9510565162951535
2021-01-07,26.028041666666667,26.028041666666667,False,1,2021,1,Winter,-1.7,95.0,-2.3,0.7,3.6,132.0,1018.7,0.86,87.0,11.9,0.12,0.7431448254773942,-0.6691306063588582
2021-01-08,8.943708333333333,8.943708333333333,False,0,2021,1,Winter,1.3,92.0,0.1,5.0,10.4,30.0,1019.1,1.21,94.0,36.0,0.21,0.49999999999999994,0.8660254037844387
2021-01-09,16.335583333333332,16.335583333333332,False,1,2021,1,Winter,0.2,93.0,-0.8,0.0,6.0,197.0,1026.3,1.78,61.0,19.8,0.16,-0.29237170472273677,-0.9563047559630354
2021-01-10,8.910333333333334,8.910333333333334,False,0,2021,1,Winter,3.4,93.0,2.3,0.2,11.4,220.0,1024.1,0.69,100.0,28.1,0.16,-0.6427876096865393,-0.766044443118978
2021-01-11,3.0247083333333333,3.0247083333333333,False,0,2021,1,Winter,6.8,89.0,5.0,11.2,21.8,246.0,1013.7,0.44,100.0,49.3,0.39,-0.913545457642601,-0.4067366430758001
2021-01-12,8.422791666666667,8.422791666666667,False,0,2021,1,Winter,4.3,86.0,2.1,7.2,9.4,305.0,1013.7,3.84,79.0,35.6,0.38,-0.8191520442889918,0.573576436351046
2021-01-13,14.854708333333333,14.854708333333333,False,0,2021,1,Winter,2.5,92.0,1.4,7.5,4.1,90.0,1017.7,0.37,100.0,12.2,0.15,1.0,6.123233995736766e-17
2021-01-14,4.060583333333333,4.060583333333333,False,0,2021,1,Winter,2.9,91.0,1.6,18.9,12.5,83.0,1017.8,0.58,97.0,40.3,0.2,0.992546151641322,0.12186934340514749
2021-01-15,16.8005,16.8005,False,1,2021,1,Winter,-0.4,92.0,-1.5,0.0,7.3,142.0,1029.3,3.27,63.0,28.1,0.25,0.6156614753256584,-0.7880107536067219
2021-01-16,8.790208333333334,8.790208333333334,False,0,2021,1,Winter,5.2,87.0,3.2,9.0,22.4,218.0,1016.3,1.17,91.0,58.0,0.46,-0.6156614753256582,-0.788010753606722
2021-01-17,7.364375,7.364375,False,0,2021,1,Winter,5.4,86.0,3.3,2.2,17.2,280.0,1022.0,2.29,83.0,42.1,0.46,-0.9848077530122081,0.17364817766692997
2021-01-18,5.238833333333333,5.238833333333333,False,0,2021,1,Winter,5.8,87.0,3.8,3.2,16.3,222.0,1017.4,1.65,94.0,33.5,0.4,-0.6691306063588582,-0.7431448254773942
2021-01-19,2.7525,2.7525,False,0,2021,1,Winter,8.9,91.0,7.5,22.3,19.2,208.0,997.8,0.85,100.0,69.5,0.4,-0.46947156278589086,-0.8829475928589269
2021-01-20,1.9064583333333334,1.9064583333333334,False,0,2021,1,Winter,8.9,92.0,7.7,38.9,21.0,204.0,980.3,0.4,100.0,71.6,0.36,-0.4067366430758002,-0.9135454576426009
2021-01-21,3.5071666666666665,3.5071666666666665,False,0,2021,1,Winter,3.6,86.0,1.5,6.5,23.7,251.0,979.2,1.6,72.0,65.2,0.48,-0.9455185755993168,-0.32556815445715664
2021-01-22,6.692291666666667,6.692291666666667,False,0,2021,1,Winter,3.2,86.0,1.0,0.7,13.9,252.0,989.4,2.85,67.0,39.6,0.43,-0.9510565162951535,-0.30901699437494756
2021-01-23,9.239458333333333,9.239458333333333,False,0,2021,1,Winter,1.4,94.0,0.6,2.3,8.4,247.0,994.5,2.33,81.0,25.9,0.22,-0.9205048534524403,-0.3907311284892738
2021-01-24,11.699125,11.699125,False,0,2021,1,Winter,-0.4,89.0,-2.1,0.5,9.2,60.0,997.7,1.56,86.0,31.0,0.28,0.8660254037844386,0.5000000000000001
2021-01-25,10.739041666666667,10.739041666666667,False,0,2021,1,Winter,0.9,86.0,-1.3,0.5,11.0,265.0,1008.5,4.08,35.0,43.6,0.43,-0.9961946980917455,-0.08715574274765825
2021-01-26,7.901958333333333,7.901958333333333,False,0,2021,1,Winter,2.0,90.0,0.6,3.2,9.9,162.0,1012.5,1.33,96.0,29.9,0.24,0.3090169943749475,-0.9510565162951535
2021-01-27,17.551041666666666,17.551041666666666,False,1,2021,1,Winter,7.1,96.0,6.6,1.0,8.9,243.0,1009.7,1.27,100.0,23.8,0.21,-0.8910065241883678,-0.4539904997395469
2021-01-28,6.010291666666667,6.010291666666667,False,0,2021,1,Winter,7.8,92.0,6.5,21.8,12.2,132.0,999.3,0.9,100.0,51.5,0.25,0.7431448254773942,-0.6691306063588582
2021-01-29,7.191458333333333,7.191458333333333,False,0,2021,1,Winter,7.5,92.0,6.2,2.2,15.0,272.0,996.1,1.97,86.0,45.0,0.31,-0.9993908270190958,0.03489949670250128
2021-01-30,4.36425,4.36425,False,0,2021,1,Winter,3.5,74.0,-0.7,0.5,25.8,76.0,1000.9,1.62,86.0,64.4,0.96,0.9702957262759965,0.24192189559966767
2021-01-31,4.883083333333333,4.883083333333333,False,0,2021,1,Winter,1.1,76.0,-2.8,0.0,14.1,79.0,1000.7,2.67,90.0,35.3,0.61,0.981627183447664,0.19080899537654492
2021-02-01,8.257739130434782,8.257739130434782,False,0,2021,2,Winter,2.0,79.0,-1.4,0.0,8.2,77.0,997.5,5.51,52.0,25.9,0.61,0.9743700647852352,0.22495105434386492
2021-02-02,6.447541666666667,6.447541666666667,False,0,2021,2,Winter,4.0,90.0,2.5,24.2,18.7,97.0,991.8,1.43,98.0,55.8,0.35,0.9925461516413221,-0.12186934340514737
2021-02-03,5.639833333333333,5.639833333333333,False,0,2021,2,Winter,6.6,93.0,5.6,6.0,7.6,185.0,993.5,3.22,81.0,29.9,0.39,-0.08715574274765794,-0.9961946980917455
2021-02-04,7.199333333333333,7.199333333333333,False,0,2021,2,Winter,6.1,88.0,4.3,4.3,10.9,128.0,1006.1,5.25,87.0,33.5,0.58,0.788010753606722,-0.6156614753256583
2021-02-05,8.582916666666668,8.582916666666668,False,0,2021,2,Winter,6.3,91.0,4.8,2.1,9.0,126.0,1006.4,4.03,78.0,28.4,0.47,0.8090169943749475,-0.587785252292473
2021-02-06,2.9698333333333333,2.9698333333333333,False,0,2021,2,Winter,4.3,90.0,2.9,10.9,15.0,64.0,1008.6,2.22,95.0,46.8,0.35,0.898794046299167,0.43837114678907746
2021-02-07,7.438125,7.438125,False,0,2021,2,Winter,1.9,71.0,-3.0,1.2,23.3,55.0,1011.0,2.44,93.0,49.0,0.96,0.8191520442889918,0.5735764363510462
2021-02-08,5.84025,5.84025,False,0,2021,2,Winter,0.6,69.0,-4.4,0.0,19.4,49.0,1009.4,4.43,83.0,53.3,0.95,0.754709580222772,0.6560590289905073
2021-02-09,5.684958333333333,5.684958333333333,False,0,2021,2,Winter,-0.7,76.0,-4.6,0.0,14.2,58.0,1010.5,6.34,63.0,39.6,0.74,0.848048096156426,0.5299192642332049
2021-02-10,6.907541666666667,6.907541666666667,False,0,2021,2,Winter,-1.2,72.0,-5.7,0.1,10.9,42.0,1018.7,7.16,19.0,32.4,0.78,0.6691306063588582,0.7431448254773942
2021-02-11,8.904375,8.904375,False,0,2021,2,Winter,-0.9,70.0,-6.0,0.0,14.9,101.0,1027.5,7.25,55.0,46.1,0.97,0.981627183447664,-0.1908089953765448
2021-02-12,12.014625,12.014625,False,0,2021,2,Winter,-0.7,66.0,-6.4,0.0,19.8,108.0,1031.0,6.78,66.0,46.8,1.09,0.9510565162951536,-0.30901699437494734
2021-02-13,10.202458333333334,10.202458333333334,False,0,2021,2,Winter,-1.3,56.0,-8.9,0.1,21.6,129.0,1030.4,3.92,94.0,47.9,1.26,0.777145961456971,-0.6293203910498373
2021-02-14,8.044458333333333,8.044458333333333,False,0,2021,2,Winter,3.8,71.0,-1.1,1.9,27.4,160.0,1018.9,1.67,100.0,65.9,1.11,0.3420201433256689,-0.9396926207859083
2021-02-15,8.318583333333333,8.318583333333333,False,0,2021,2,Winter,8.6,88.0,6.8,0.0,17.0,181.0,1014.0,4.66,80.0,49.0,0.7,-0.017452406437283637,-0.9998476951563913
2021-02-16,4.858583333333333,4.858583333333333,False,0,2021,2,Winter,9.2,85.0,6.7,4.0,19.3,196.0,1004.9,4.98,85.0,58.0,0.91,-0.275637355816999,-0.9612616959383189
2021-02-17,5.805695652173913,5.805695652173913,False,0,2021,2,Winter,8.4,82.0,5.4,3.6,20.7,185.0,1003.7,4.74,85.0,53.3,1.01,-0.08715574274765794,-0.9961946980917455
2021-02-18,4.903625,4.903625,False,0,2021,2,Winter,8.0,76.0,4.0,2.6,24.9,196.0,997.6,5.25,67.0,64.8,1.33,-0.275637355816999,-0.9612616959383189
2021-02-19,4.941083333333333,4.941083333333333,False,0,2021,2,Winter,8.5,78.0,4.8,0.6,28.3,176.0,1000.6,2.07,92.0,64.4,1.2,0.06975647374412552,-0.9975640502598242
2021-02-20,8.970208333333334,8.970208333333334,False,0,2021,2,Winter,11.3,82.0,8.4,4.0,29.5,174.0,996.6,2.07,97.0,68.8,1.12,0.10452846326765373,-0.9945218953682733
2021-02-21,6.077958333333334,6.077958333333334,False,0,2021,2,Winter,9.3,85.0,6.9,1.3,13.0,183.0,1005.6,4.89,83.0,50.0,0.85,-0.052335956242943564,-0.9986295347545738
2021-02-22,6.428875000000001,6.428875000000001,False,0,2021,2,Winter,8.0,85.0,5.5,7.5,6.4,213.0,1013.4,6.51,67.0,26.6,0.87,-0.5446390350150271,-0.838670567945424
2021-02-23,5.102291666666667,5.102291666666667,False,0,2021,2,Winter,9.9,72.0,5.1,2.6,29.5,176.0,1015.4,3.74,100.0,77.8,1.71,0.06975647374412552,-0.9975640502598242
2021-02-24,,7.300305555555555,True,0,2021,2,Winter,12.4,84.0,9.9,6.8,25.1,194.0,1014.8,1.65,100.0,62.6,0.97,-0.2419218955996675,-0.9702957262759965
2021-02-25,,9.498319444444444,True,0,2021,2,Winter,7.0,83.0,4.2,0.2,12.6,252.0,1024.9,8.83,44.0,44.3,1.06,-0.9510565162951535,-0.30901699437494756
2021-02-26,11.696333333333333,11.696333333333333,False,0,2021,2,Winter,5.0,84.0,2.4,0.0,6.3,221.0,1036.3,7.41,35.0,22.7,0.9,-0.656059028990507,-0.7547095802227721
2021-02-27,17.237750000000002,17.237750000000002,False,1,2021,2,Winter,4.0,89.0,2.2,0.0,5.2,149.0,1041.3,6.7,49.0,15.8,0.8,0.5150380749100544,-0.8571673007021122
2021-02-28,23.589083333333335,23.589083333333335,False,1,2021,2,Winter,3.7,84.0,1.1,0.0,4.8,68.0,1038.5,10.93,9.0,13.7,1.23,0.9271838545667874,0.37460659341591196
2021-03-01,24.65608333333333,24.65608333333333,False,1,2021,3,Spring,3.8,84.0,1.2,0.0,9.0,72.0,1033.5,10.62,13.0,24.1,1.15,0.9510565162951535,0.30901699437494745
2021-03-02,23.216416666666664,23.216416666666664,False,1,2021,3,Spring,3.3,84.0,0.8,0.0,6.8,99.0,1031.0,10.89,20.0,20.2,1.15,0.9876883405951378,-0.1564344650402308
2021-03-03,40.92691666666666,40.92691666666666,False,1,2021,3,Spring,2.8,84.0,0.3,0.4,6.2,63.0,1028.3,7.08,65.0,22.3,0.83,0.8910065241883678,0.4539904997395468
2021-03-04,10.095291666666666,10.095291666666666,False,0,2021,3,Spring,4.3,79.0,0.9,0.0,10.7,48.0,1027.3,4.06,86.0,36.4,0.81,0.7431448254773942,0.6691306063588582
2021-03-05,5.822583333333333,5.822583333333333,False,0,2021,3,Spring,2.7,75.0,-1.4,0.0,7.4,44.0,1033.7,6.56,61.0,24.8,0.89,0.6946583704589973,0.7193398003386512
2021-03-06,18.331458333333334,18.331458333333334,False,1,2021,3,Spring,3.0,71.0,-2.0,0.0,3.2,90.0,1035.0,7.11,78.0,12.6,0.86,1.0,6.123233995736766e-17
2021-03-07,26.307125,26.307125,False,1,2021,3,Spring,2.1,80.0,-1.1,0.0,5.7,264.0,1028.3,7.82,59.0,22.0,0.91,-0.9945218953682734,-0.10452846326765336
2021-03-08,18.17620833333333,18.17620833333333,False,1,2021,3,Spring,3.7,90.0,2.1,1.3,8.4,248.0,1023.5,3.94,84.0,41.4,0.61,-0.9271838545667873,-0.3746065934159123
2021-03-09,11.641208333333333,11.641208333333333,False,0,2021,3,Spring,5.7,83.0,2.9,0.2,10.3,185.0,1017.9,3.46,96.0,37.1,0.78,-0.08715574274765794,-0.9961946980917455
2021-03-10,6.060333333333333,6.060333333333333,False,0,2021,3,Spring,8.3,87.0,6.3,15.3,28.7,194.0,998.8,1.86,96.0,72.7,0.76,-0.2419218955996675,-0.9702957262759965
2021-03-11,5.773458333333333,5.773458333333333,False,0,2021,3,Spring,7.5,74.0,3.1,6.2,33.6,250.0,988.1,8.23,65.0,84.6,1.75,-0.9396926207859084,-0.34202014332566855
2021-03-12,4.002666666666667,4.002666666666667,False,0,2021,3,Spring,5.5,79.0,2.0,5.1,20.3,226.0,995.9,6.42,84.0,63.4,1.15,-0.7193398003386512,-0.6946583704589973
2021-03-13,4.131333333333333,4.131333333333333,False,0,2021,3,Spring,4.9,82.0,2.1,11.9,27.5,262.0,990.2,6.06,86.0,63.7,1.04,-0.9902680687415703,-0.13917310096006583
2021-03-14,6.66375,6.66375,False,0,2021,3,Spring,6.5,86.0,4.3,9.0,22.8,281.0,1010.2,4.5,82.0,62.3,0.8,-0.9816271834476639,0.1908089953765451
2021-03-15,11.908541666666666,11.908541666666666,False,0,2021,3,Spring,7.9,81.0,4.6,0.1,17.3,305.0,1020.4,8.76,76.0,43.2,1.39,-0.8191520442889918,0.573576436351046
2021-03-16,9.99225,9.99225,False,0,2021,3,Spring,8.9,89.0,7.2,3.5,13.4,294.0,1028.0,5.85,90.0,45.7,0.83,-0.9135454576426011,0.40673664307579976
2021-03-17,16.308041666666668,16.308041666666668,False,1,2021,3,Spring,5.9,82.0,2.9,0.0,6.7,343.0,1034.3,8.09,75.0,21.2,1.08,-0.29237170472273716,0.9563047559630353
2021-03-18,15.681125,15.681125,False,1,2021,3,Spring,6.1,90.0,4.6,0.0,6.3,281.0,1031.4,7.26,88.0,28.1,0.91,-0.9816271834476639,0.1908089953765451
2021-03-19,4.42125,4.42125,False,0,2021,3,Spring,9.0,80.0,5.8,0.2,10.8,29.0,1030.5,5.32,98.0,30.6,1.01,0.48480962024633706,0.8746197071393957
2021-03-20,9.05275,9.05275,False,0,2021,3,Spring,8.4,86.0,6.2,0.2,10.1,286.0,1031.8,6.45,96.0,36.4,1.01,-0.9612616959383188,0.2756373558169994
2021-03-21,8.172208333333334,8.172208333333334,False,0,2021,3,Spring,7.1,84.0,4.5,0.0,6.1,270.0,1029.8,7.0,92.0,24.1,1.03,-1.0,-1.8369701987210297e-16
2021-03-22,7.343791666666667,7.343791666666667,False,0,2021,3,Spring,7.1,81.0,4.0,0.0,8.3,273.0,1026.3,8.83,96.0,28.4,1.22,-0.9986295347545738,0.052335956242943946
2021-03-23,8.023833333333334,8.023833333333334,False,0,2021,3,Spring,7.6,77.0,3.6,0.1,14.6,206.0,1021.1,7.14,81.0,42.5,1.42,-0.43837114678907746,-0.8987940462991669
2021-03-24,5.635833333333333,5.635833333333333,False,0,2021,3,Spring,9.3,71.0,4.1,0.3,14.8,230.0,1017.6,13.4,69.0,40.3,2.1,-0.7660444431189779,-0.6427876096865395
2021-03-25,4.467333333333333,4.467333333333333,False,0,2021,3,Spring,8.9,71.0,3.7,0.2,16.6,200.0,1014.1,11.89,65.0,41.8,2.09,-0.34202014332566866,-0.9396926207859084
2021-03-26,4.788791666666667,4.788791666666667,False,0,2021,3,Spring,7.6,72.0,2.7,5.6,23.7,213.0,1004.6,8.4,74.0,64.1,1.7,-0.5446390350150271,-0.838670567945424
2021-03-27,6.682375,6.682375,False,0,2021,3,Spring,6.6,67.0,0.7,1.9,25.3,249.0,1015.2,8.79,81.0,60.8,1.99,-0.9335804264972016,-0.3583679495453007
2021-03-28,1.7079583333333332,1.7079583333333332,False,0,2021,3,Spring,10.9,84.0,8.3,12.5,29.2,211.0,1014.4,9.02,95.0,74.9,1.59,-0.5150380749100542,-0.8571673007021123
2021-03-29,2.221833333333333,2.221833333333333,False,0,2021,3,Spring,13.0,77.0,9.0,0.6,21.8,216.0,1021.1,12.88,47.0,54.7,2.32,-0.587785252292473,-0.8090169943749476
2021-03-30,11.992958333333334,11.992958333333334,False,0,2021,3,Spring,11.8,74.0,7.2,0.0,8.7,179.0,1026.1,17.38,23.0,25.2,2.71,0.01745240643728344,-0.9998476951563913
2021-03-31,19.117541666666664,19.117541666666664,False,1,2021,3,Spring,13.1,69.0,7.4,0.1,7.9,123.0,1019.8,17.23,34.0,45.0,2.83,0.8386705679454239,-0.5446390350150271
2021-04-01,6.187166666666666,6.187166666666666,False,0,2021,4,Spring,7.9,74.0,3.5,0.0,21.5,65.0,1027.0,15.12,46.0,58.7,2.08,0.9063077870366499,0.42261826174069944
2021-04-02,6.879041666666667,6.879041666666667,False,0,2021,4,Spring,5.7,72.0,0.8,0.0,9.8,37.0,1032.8,17.96,18.0,33.5,2.19,0.6018150231520483,0.7986355100472928
2021-04-03,11.494791666666666,11.494791666666666,False,0,2021,4,Spring,6.0,76.0,1.9,0.0,8.2,31.0,1034.4,14.66,47.0,30.2,1.85,0.5150380749100542,0.8571673007021123
2021-04-04,16.053583333333332,16.053583333333332,False,1,2021,4,Spring,6.0,84.0,3.4,0.0,13.6,269.0,1025.9,11.76,69.0,49.0,1.53,-0.9998476951563913,-0.017452406437283498
2021-04-05,3.779458333333333,3.779458333333333,False,0,2021,4,Spring,4.7,54.0,-4.2,0.8,22.9,316.0,1019.6,18.62,43.0,57.2,2.61,-0.6946583704589976,0.7193398003386509
2021-04-06,3.6979583333333337,3.6979583333333337,False,0,2021,4,Spring,2.1,63.0,-4.5,0.3,16.8,319.0,1021.2,16.89,18.0,59.8,1.96,-0.6560590289905074,0.7547095802227719
2021-04-07,6.277583333333333,6.277583333333333,False,0,2021,4,Spring,2.2,63.0,-4.3,0.0,11.4,305.0,1023.2,12.6,52.0,38.2,1.67,-0.8191520442889918,0.573576436351046
2021-04-08,4.914499999999999,4.914499999999999,False,0,2021,4,Spring,7.1,72.0,2.4,1.2,19.4,234.0,1017.7,7.97,96.0,50.8,1.67,-0.8090169943749473,-0.5877852522924732
2021-04-09,5.346875,5.346875,False,0,2021,4,Spring,6.3,70.0,0.9,1.6,12.8,286.0,1012.5,12.86,62.0,49.3,1.92,-0.9612616959383188,0.2756373558169994
2021-04-10,8.988833333333334,8.988833333333334,False,0,2021,4,Spring,2.8,81.0,-0.3,3.0,5.8,51.0,1015.9,13.34,49.0,24.1,1.51,0.7771459614569709,0.6293203910498375
2021-04-11,4.203916666666667,4.203916666666667,False,0,2021,4,Spring,2.9,73.0,-1.9,0.9,8.7,333.0,1020.6,18.94,30.0,33.8,2.05,-0.45399049973954697,0.8910065241883678
2021-04-12,6.848458333333333,6.848458333333333,False,0,2021,4,Spring,2.5,70.0,-3.2,0.0,7.1,303.0,1028.2,19.84,17.0,26.3,2.33,-0.8386705679454243,0.5446390350150266
2021-04-13,9.273833333333334,9.273833333333334,False,0,2021,4,Spring,4.4,72.0,-0.5,0.2,4.8,312.0,1032.7,16.45,37.0,18.7,2.04,-0.7431448254773946,0.6691306063588578
2021-04-14,10.067833333333333,10.067833333333333,False,0,2021,4,Spring,5.9,72.0,0.7,0.0,7.6,69.0,1033.8,15.34,46.0,27.7,2.19,0.9335804264972017,0.3583679495453004
2021-04-15,7.60425,7.60425,False,0,2021,4,Spring,5.3,67.0,-1.0,0.0,5.6,86.0,1034.5,20.01,28.0,22.0,2.64,0.9975640502598242,0.06975647374412523
2021-04-16,9.552791666666666,9.552791666666666,False,0,2021,4,Spring,6.2,67.0,-0.1,0.0,4.8,109.0,1032.0,15.82,47.0,20.2,2.16,0.9455185755993168,-0.32556815445715664
2021-04-17,14.592208333333334,14.592208333333334,False,0,2021,4,Spring,7.9,66.0,1.6,0.0,4.4,154.0,1029.5,14.62,70.0,16.9,2.15,0.4383711467890773,-0.898794046299167
2021-04-18,16.5705,16.5705,False,1,2021,4,Spring,8.7,64.0,2.0,0.0,4.9,204.0,1025.4,15.08,83.0,22.7,2.27,-0.4067366430758002,-0.9135454576426009
2021-04-19,13.857999999999999,13.857999999999999,False,0,2021,4,Spring,8.8,62.0,1.5,0.0,5.3,141.0,1021.5,22.62,7.0,20.2,3.28,0.6293203910498374,-0.7771459614569709
2021-04-20,24.188333333333333,24.188333333333333,False,1,2021,4,Spring,9.8,71.0,4.4,0.0,5.6,305.0,1018.5,15.58,89.0,19.8,2.44,-0.8191520442889918,0.573576436351046
2021-04-21,12.814625,12.814625,False,0,2021,4,Spring,9.1,68.0,3.2,0.0,16.8,69.0,1022.7,15.62,54.0,51.1,2.45,0.9335804264972017,0.3583679495453004
2021-04-22,8.045458333333334,8.045458333333334,False,0,2021,4,Spring,7.0,62.0,-0.7,0.0,5.1,108.0,1027.7,23.85,30.0,18.0,3.28,0.9510565162951536,-0.30901699437494734
2021-04-23,8.53275,8.53275,False,0,2021,4,Spring,9.8,54.0,0.1,0.0,8.6,115.0,1028.5,23.34,53.0,25.6,3.74,0.90630778703665,-0.42261826174069933
2021-04-24,10.210333333333333,10.210333333333333,False,0,2021,4,Spring,10.6,56.0,2.0,0.0,10.3,73.0,1028.8,19.06,65.0,33.8,3.38,0.9563047559630354,0.29237170472273677
2021-04-25,8.336333333333334,8.336333333333334,False,0,2021,4,Spring,8.3,68.0,2.2,0.0,10.1,75.0,1030.5,20.69,51.0,34.2,2.95,0.9659258262890683,0.25881904510252074
2021-04-26,11.078166666666666,11.078166666666666,False,0,2021,4,Spring,8.1,69.0,2.3,0.0,4.6,305.0,1022.9,20.69,66.0,21.2,2.91,-0.8191520442889918,0.573576436351046
2021-04-27,8.53475,8.53475,False,0,2021,4,Spring,9.3,73.0,4.6,3.1,8.5,357.0,1010.4,12.95,89.0,39.2,2.04,-0.05233595624294437,0.9986295347545738
2021-04-28,10.315272727272728,10.315272727272728,False,0,2021,4,Spring,7.6,67.0,1.6,0.5,19.5,53.0,1010.5,14.34,71.0,52.9,2.33,0.7986355100472928,0.6018150231520484
2021-04-29,5.523875,5.523875,False,0,2021,4,Spring,5.8,72.0,0.9,1.0,9.5,4.0,1013.0,18.15,55.0,32.8,2.28,0.0697564737441253,0.9975640502598242
2021-04-30,7.822416666666666,7.822416666666666,False,0,2021,4,Spring,5.6,74.0,1.1,1.3,6.5,38.0,1016.0,19.28,42.0,29.9,2.42,0.6156614753256583,0.7880107536067219
2021-05-01,7.733958333333334,7.733958333333334,False,0,2021,5,Spring,6.8,68.0,0.7,1.6,6.1,26.0,1017.6,20.1,44.0,23.8,2.61,0.4383711467890774,0.898794046299167
2021-05-02,12.013583333333335,12.013583333333335,False,0,2021,5,Spring,6.8,73.0,2.0,1.3,8.6,256.0,1019.7,19.33,54.0,37.1,2.55,-0.9702957262759965,-0.24192189559966779
2021-05-03,4.98825,4.98825,False,0,2021,5,Spring,7.4,87.0,5.3,21.8,19.3,185.0,1006.2,4.39,97.0,74.2,0.85,-0.08715574274765794,-0.9961946980917455
2021-05-04,2.5501666666666667,2.5501666666666667,False,0,2021,5,Spring,6.8,81.0,3.8,5.4,23.5,290.0,996.8,8.45,93.0,66.2,1.38,-0.9396926207859083,0.342020143325669
2021-05-05,6.017166666666667,6.017166666666667,False,0,2021,5,Spring,5.9,73.0,0.9,0.8,11.4,285.0,1007.7,20.75,53.0,41.8,2.46,-0.9659258262890684,0.2588190451025203
2021-05-06,3.7137083333333334,3.7137083333333334,False,0,2021,5,Spring,5.6,75.0,1.3,2.7,13.3,283.0,1006.9,19.57,52.0,55.1,2.28,-0.9743700647852352,0.22495105434386492
2021-05-07,5.560125,5.560125,False,0,2021,5,Spring,7.3,75.0,3.0,1.6,9.8,277.0,1014.0,20.66,45.0,37.4,2.5,-0.992546151641322,0.12186934340514768
2021-05-08,3.9151249999999997,3.9151249999999997,False,0,2021,5,Spring,9.4,82.0,6.5,16.5,18.6,148.0,1001.1,3.82,100.0,54.4,1.07,0.5299192642332049,-0.848048096156426
2021-05-09,3.619375,3.619375,False,0,2021,5,Spring,13.1,78.0,9.1,2.9,17.5,189.0,993.4,11.62,91.0,48.2,2.18,-0.15643446504023073,-0.9876883405951378
2021-05-10,4.972458333333333,4.972458333333333,False,0,2021,5,Spring,11.6,74.0,7.0,3.8,21.2,186.0,995.3,18.23,62.0,64.4,2.85,-0.1045284632676535,-0.9945218953682733
2021-05-11,5.374416666666666,5.374416666666666,False,0,2021,5,Spring,9.9,77.0,6.0,5.8,12.4,160.0,1005.2,16.38,43.0,38.2,2.31,0.3420201433256689,-0.9396926207859083
2021-05-12,6.486791666666666,6.486791666666666,False,0,2021,5,Spring,10.2,82.0,7.0,3.8,6.7,183.0,1006.9,21.12,54.0,31.3,2.82,-0.052335956242943564,-0.9986295347545738
2021-05-13,9.868458333333333,9.868458333333333,False,0,2021,5,Spring,11.4,77.0,7.4,1.0,9.4,50.0,1008.5,15.03,96.0,29.5,2.43,0.766044443118978,0.6427876096865394
2021-05-14,9.435875000000001,9.435875000000001,False,0,2021,5,Spring,10.2,73.0,5.4,0.2,7.0,70.0,1009.5,15.53,83.0,22.0,2.34,0.9396926207859083,0.3420201433256688
2021-05-15,13.875875,13.875875,False,0,2021,5,Spring,10.1,81.0,6.9,5.7,9.2,117.0,1000.4,8.0,95.0,30.6,1.39,0.8910065241883679,-0.4539904997395467
2021-05-16,5.9562083333333335,5.9562083333333335,False,0,2021,5,Spring,10.6,80.0,7.1,6.6,6.7,148.0,996.8,17.89,74.0,26.3,2.59,0.5299192642332049,-0.848048096156426
2021-05-17,8.182,8.182,False,0,2021,5,Spring,9.8,83.0,6.9,8.9,10.4,290.0,1004.8,17.02,63.0,42.5,2.26,-0.9396926207859083,0.342020143325669
2021-05-18,3.9565,3.9565,False,0,2021,5,Spring,10.2,77.0,6.2,1.3,8.9,260.0,1011.7,21.19,55.0,33.5,2.97,-0.984807753012208,-0.17364817766693033
2021-05-19,5.933583333333334,5.933583333333334,False,0,2021,5,Spring,10.1,76.0,6.0,3.1,9.6,282.0,1017.4,21.61,39.0,40.0,2.87,-0.9781476007338056,0.20791169081775943
2021-05-20,4.2915833333333335,4.2915833333333335,False,0,2021,5,Spring,9.2,83.0,6.4,8.9,20.3,162.0,1007.1,5.7,99.0,59.8,1.25,0.3090169943749475,-0.9510565162951535
2021-05-21,2.5412916666666665,2.5412916666666665,False,0,2021,5,Spring,10.7,89.0,8.9,16.3,22.2,214.0,987.8,5.01,98.0,53.6,1.04,-0.5591929034707467,-0.8290375725550418
2021-05-22,3.5387500000000003,3.5387500000000003,False,0,2021,5,Spring,8.6,73.0,3.8,1.5,14.2,296.0,1002.4,16.94,68.0,43.2,2.44,-0.898794046299167,0.4383711467890774
2021-05-23,4.281625,4.281625,False,0,2021,5,Spring,8.7,78.0,5.0,7.2,18.8,179.0,1003.2,12.84,96.0,62.6,1.99,0.01745240643728344,-0.9998476951563913
2021-05-24,4.574458333333333,4.574458333333333,False,0,2021,5,Spring,9.1,81.0,6.0,2.3,11.9,235.0,1001.6,15.1,73.0,30.6,2.1,-0.8191520442889916,-0.5735764363510464
2021-05-25,6.132124999999999,6.132124999999999,False,0,2021,5,Spring,10.1,81.0,6.9,3.2,19.5,281.0,1011.3,15.67,81.0,53.3,2.11,-0.9816271834476639,0.1908089953765451
2021-05-26,5.252458333333333,5.252458333333333,False,0,2021,5,Spring,9.8,84.0,7.0,1.8,9.9,306.0,1015.1,9.57,67.0,34.6,1.52,-0.8090169943749476,0.5877852522924729
2021-05-27,10.066875,10.066875,False,0,2021,5,Spring,11.8,77.0,7.5,0.1,4.9,186.0,1019.8,21.01,79.0,24.8,3.33,-0.1045284632676535,-0.9945218953682733
2021-05-28,15.237958333333333,15.237958333333333,False,1,2021,5,Spring,13.5,78.0,9.5,0.4,4.2,40.0,1022.9,11.97,94.0,17.6,2.11,0.6427876096865393,0.766044443118978
2021-05-29,13.103416666666668,13.103416666666668,False,0,2021,5,Spring,14.3,78.0,10.3,0.6,4.5,107.0,1027.2,14.81,54.0,20.9,2.52,0.9563047559630355,-0.29237170472273666
2021-05-30,8.008083333333333,8.008083333333333,False,0,2021,5,Spring,14.9,68.0,8.5,0.0,8.1,99.0,1028.2,28.77,4.0,24.5,4.67,0.9876883405951378,-0.1564344650402308
2021-05-31,11.510458333333332,11.510458333333332,False,0,2021,5,Spring,14.7,72.0,9.5,0.0,11.1,124.0,1022.0,27.72,24.0,37.4,4.48,0.8290375725550417,-0.5591929034707467
2021-06-01,10.770541666666666,10.770541666666666,False,0,2021,6,Summer,18.1,63.0,10.5,0.0,14.1,110.0,1016.1,25.91,56.0,35.3,5.11,0.9396926207859084,-0.3420201433256687
2021-06-02,14.402583333333332,14.402583333333332,False,0,2021,6,Summer,18.0,64.0,11.0,0.0,19.7,78.0,1013.9,25.77,72.0,47.2,5.14,0.9781476007338056,0.20791169081775945
2021-06-03,15.189666666666668,15.189666666666668,False,1,2021,6,Summer,16.6,78.0,12.7,3.7,12.2,73.0,1017.2,17.01,85.0,37.4,3.14,0.9563047559630354,0.29237170472273677
2021-06-04,5.660416666666666,5.660416666666666,False,0,2021,6,Summer,14.3,67.0,7.9,0.0,4.5,285.0,1023.2,24.47,73.0,19.4,3.83,-0.9659258262890684,0.2588190451025203
2021-06-05,6.940916666666666,6.940916666666666,False,0,2021,6,Summer,15.2,69.0,9.1,0.0,6.8,250.0,1023.8,26.59,42.0,28.4,4.48,-0.9396926207859084,-0.34202014332566855
2021-06-06,5.107166666666667,5.107166666666667,False,0,2021,6,Summer,15.7,77.0,11.5,0.6,5.5,305.0,1024.5,14.32,78.0,21.2,2.56,-0.8191520442889918,0.573576436351046
2021-06-07,7.708375,7.708375,False,0,2021,6,Summer,16.2,77.0,11.7,6.3,8.3,231.0,1022.6,20.38,80.0,35.3,3.54,-0.7771459614569706,-0.6293203910498378
2021-06-08,5.759708333333333,5.759708333333333,False,0,2021,6,Summer,16.2,69.0,10.0,0.0,7.0,226.0,1022.3,28.03,66.0,25.2,4.63,-0.7193398003386512,-0.6946583704589973
2021-06-09,4.542041666666667,4.542041666666667,False,0,2021,6,Summer,17.6,72.0,12.3,0.1,11.4,206.0,1019.7,19.29,52.0,39.6,3.71,-0.43837114678907746,-0.8987940462991669
2021-06-10,3.239125,3.239125,False,0,2021,6,Summer,18.9,74.0,14.0,0.7,15.2,209.0,1017.9,14.86,78.0,39.2,3.25,-0.48480962024633695,-0.8746197071393959
2021-06-11,5.2045,5.2045,False,0,2021,6,Summer,16.9,76.0,12.6,0.7,16.0,243.0,1017.3,10.17,97.0,41.0,2.36,-0.8910065241883678,-0.4539904997395469
2021-06-12,6.161625,6.161625,False,0,2021,6,Summer,14.5,72.0,9.2,0.0,12.4,280.0,1023.5,25.04,55.0,40.3,3.91,-0.9848077530122081,0.17364817766692997
2021-06-13,5.312458333333333,5.312458333333333,False,0,2021,6,Summer,17.9,74.0,13.1,0.2,5.3,216.0,1025.4,17.23,68.0,23.8,3.17,-0.587785252292473,-0.8090169943749476
2021-06-14,5.607333333333333,5.607333333333333,False,0,2021,6,Summer,15.5,76.0,11.0,1.7,12.4,273.0,1021.3,15.31,85.0,39.2,2.78,-0.9986295347545738,0.052335956242943946
2021-06-15,8.146666666666667,8.146666666666667,False,0,2021,6,Summer,15.4,68.0,8.9,0.0,7.3,190.0,1020.7,24.89,59.0,30.6,4.3,-0.17364817766693047,-0.984807753012208
2021-06-16,4.414291666666666,4.414291666666666,False,0,2021,6,Summer,17.4,69.0,11.4,0.2,10.3,231.0,1011.2,23.49,43.0,30.2,4.2,-0.7771459614569706,-0.6293203910498378
2021-06-17,5.50225,5.50225,False,0,2021,6,Summer,16.1,69.0,10.2,1.1,9.2,310.0,1012.2,16.11,91.0,32.4,3.16,-0.7660444431189781,0.6427876096865393
2021-06-18,6.7294583333333335,6.7294583333333335,False,0,2021,6,Summer,14.4,73.0,9.5,0.0,9.9,47.0,1016.6,11.24,98.0,31.0,2.3,0.7313537016191705,0.6819983600624985
2021-06-19,6.590083333333333,6.590083333333333,False,0,2021,6,Summer,14.9,70.0,9.1,0.3,9.5,120.0,1014.4,21.38,72.0,33.8,3.77,0.8660254037844387,-0.4999999999999998
2021-06-20,8.743166666666667,8.743166666666667,False,0,2021,6,Summer,13.4,72.0,8.2,3.6,11.3,67.0,1011.0,11.6,85.0,34.9,2.36,0.9205048534524404,0.3907311284892737
2021-06-21,9.121583333333334,9.121583333333334,False,0,2021,6,Summer,12.4,73.0,7.5,0.4,13.5,47.0,1015.9,12.63,92.0,39.6,2.48,0.7313537016191705,0.6819983600624985
2021-06-22,9.683666666666666,9.683666666666666,False,0,2021,6,Summer,12.8,64.0,5.7,0.0,9.1,359.0,1022.8,21.14,52.0,30.6,3.57,-0.01745240643728356,0.9998476951563913
2021-06-23,10.364666666666666,10.364666666666666,False,0,2021,6,Summer,12.6,80.0,9.2,0.1,7.6,284.0,1024.2,12.8,63.0,28.8,2.16,-0.9702957262759966,0.24192189559966745
2021-06-24,7.624875,7.624875,False,0,2021,6,Summer,15.9,85.0,13.3,7.1,9.8,272.0,1021.1,13.09,93.0,44.6,2.3,-0.9993908270190958,0.03489949670250128
2021-06-25,4.798625,4.798625,False,0,2021,6,Summer,13.5,83.0,10.5,6.5,15.5,15.0,1016.7,9.8,100.0,51.5,1.85,0.25881904510252074,0.9659258262890683
2021-06-26,5.5945,5.5945,False,0,2021,6,Summer,15.2,72.0,9.8,0.0,10.6,54.0,1019.6,21.95,44.0,32.0,3.74,0.8090169943749475,0.5877852522924731
2021-06-27,6.656916666666667,6.656916666666667,False,0,2021,6,Summer,16.0,75.0,11.4,0.0,14.8,66.0,1019.0,20.5,59.0,40.3,3.55,0.9135454576426009,0.4067366430758002
2021-06-28,7.762416666666667,7.762416666666667,False,0,2021,6,Summer,16.1,78.0,12.1,1.2,8.7,65.0,1016.8,14.85,78.0,30.6,2.67,0.9063077870366499,0.42261826174069944
2021-06-29,10.005916666666666,10.005916666666666,False,0,2021,6,Summer,17.8,72.0,12.2,1.2,8.7,47.0,1016.6,22.99,70.0,32.0,4.21,0.7313537016191705,0.6819983600624985
2021-06-30,12.189181818181817,12.189181818181817,False,0,2021,6,Summer,15.9,74.0,11.1,0.6,9.4,43.0,1017.6,16.4,80.0,24.5,3.04,0.6819983600624985,0.7313537016191705
2021-07-01,10.967041666666667,10.967041666666667,False,0,2021,7,Summer,16.6,66.0,10.0,0.0,6.8,345.0,1017.9,21.34,85.0,31.7,3.89,-0.2588190451025207,0.9659258262890683
2021-07-02,15.536625,15.536625,False,1,2021,7,Summer,16.4,78.0,12.3,0.0,4.1,190.0,1015.8,14.41,88.0,23.8,2.54,-0.17364817766693047,-0.984807753012208
2021-07-03,10.514041666666666,10.514041666666666,False,0,2021,7,Summer,17.4,82.0,14.2,7.5,8.5,149.0,1010.5,10.85,94.0,31.0,2.09,0.5150380749100544,-0.8571673007021122
2021-07-04,4.2345,4.2345,False,0,2021,7,Summer,16.6,87.0,14.4,10.9,6.7,177.0,1005.3,12.58,86.0,26.3,2.16,0.05233595624294381,-0.9986295347545738
2021-07-05,5.1887083333333335,5.1887083333333335,False,0,2021,7,Summer,15.3,81.0,12.0,11.5,9.6,221.0,1002.2,16.02,95.0,33.8,2.68,-0.656059028990507,-0.7547095802227721
2021-07-06,3.625291666666667,3.625291666666667,False,0,2021,7,Summer,14.3,84.0,11.5,21.2,14.2,281.0,996.3,12.25,97.0,46.8,2.08,-0.9816271834476639,0.1908089953765451
2021-07-07,5.988625,5.988625,False,0,2021,7,Summer,16.0,85.0,13.4,2.7,10.4,237.0,1008.1,13.98,94.0,29.2,2.44,-0.838670567945424,-0.544639035015027
2021-07-08,8.436625000000001,8.436625000000001,False,0,2021,7,Summer,15.7,81.0,12.3,1.5,8.4,273.0,1018.4,20.4,40.0,28.8,3.33,-0.9986295347545738,0.052335956242943946
2021-07-09,8.755916666666666,8.755916666666666,False,0,2021,7,Summer,16.2,80.0,12.6,0.0,4.1,184.0,1020.6,16.97,67.0,19.1,2.93,-0.06975647374412527,-0.9975640502598242
2021-07-10,12.330041666666666,12.330041666666666,False,0,2021,7,Summer,17.6,83.0,14.7,5.3,5.2,127.0,1015.3,16.31,72.0,25.6,2.82,0.7986355100472927,-0.6018150231520484
2021-07-11,8.758833333333333,8.758833333333333,False,0,2021,7,Summer,16.9,81.0,13.4,0.8,8.2,166.0,1013.7,16.39,74.0,32.8,2.94,0.24192189559966773,-0.9702957262759965
2021-07-12,5.690874999999999,5.690874999999999,False,0,2021,7,Summer,16.1,88.0,14.1,9.8,4.0,306.0,1012.0,8.1,99.0,17.3,1.52,-0.8090169943749476,0.5877852522924729
2021-07-13,5.417625,5.417625,False,0,2021,7,Summer,17.8,80.0,14.0,1.4,9.3,322.0,1015.8,19.94,66.0,33.5,3.52,-0.6156614753256582,0.788010753606722
2021-07-14,5.053041666666666,5.053041666666666,False,0,2021,7,Summer,17.0,80.0,13.3,0.0,11.5,296.0,1019.5,20.1,62.0,36.4,3.43,-0.898794046299167,0.4383711467890774
2021-07-15,6.492875000000001,6.492875000000001,False,0,2021,7,Summer,18.1,78.0,13.9,0.0,8.8,301.0,1023.4,22.58,37.0,31.3,4.0,-0.8571673007021123,0.5150380749100542
2021-07-16,8.114125,8.114125,False,0,2021,7,Summer,18.6,81.0,14.8,0.0,7.4,292.0,1027.7,23.64,36.0,32.8,4.21,-0.9271838545667874,0.37460659341591196
2021-07-17,7.381125,7.381125,False,0,2021,7,Summer,20.2,79.0,16.2,0.0,6.2,283.0,1029.0,27.37,17.0,27.4,4.94,-0.9743700647852352,0.22495105434386492
2021-07-18,8.434625,8.434625,False,0,2021,7,Summer,20.5,78.0,16.1,0.0,6.2,282.0,1025.5,26.81,22.0,32.4,4.91,-0.9781476007338056,0.20791169081775943
2021-07-19,7.099083333333334,7.099083333333334,False,0,2021,7,Summer,20.6,77.0,16.1,0.4,5.0,318.0,1021.7,24.74,10.0,24.5,4.54,-0.6691306063588581,0.7431448254773942
2021-07-20,9.1805,9.1805,False,0,2021,7,Summer,21.0,75.0,15.9,0.0,6.3,317.0,1020.2,26.87,11.0,28.8,5.02,-0.6819983600624983,0.7313537016191707
2021-07-21,14.144125,14.144125,False,0,2021,7,Summer,21.5,75.0,16.5,0.2,4.6,105.0,1023.0,22.38,18.0,18.7,4.17,0.9659258262890683,-0.25881904510252085
2021-07-22,14.6865,14.6865,False,0,2021,7,Summer,22.5,71.0,16.3,0.0,4.4,83.0,1022.6,24.43,18.0,22.0,4.75,0.992546151641322,0.12186934340514749
2021-07-23,12.0785,12.0785,False,0,2021,7,Summer,19.9,74.0,14.9,0.0,12.2,81.0,1017.8,23.36,68.0,33.8,4.3,0.9876883405951378,0.15643446504023092
2021-07-24,9.837958333333333,9.837958333333333,False,0,2021,7,Summer,17.4,70.0,11.6,0.0,12.6,68.0,1011.6,19.16,85.0,37.8,3.6,0.9271838545667874,0.37460659341591196
2021-07-25,9.185291666666666,9.185291666666666,False,0,2021,7,Summer,18.0,71.0,12.4,0.0,7.9,40.0,1009.6,16.71,88.0,28.8,3.24,0.6427876096865393,0.766044443118978
2021-07-26,12.442,12.442,False,0,2021,7,Summer,18.4,77.0,14.0,0.1,7.4,249.0,1009.3,16.77,68.0,26.6,3.15,-0.9335804264972016,-0.3583679495453007
2021-07-27,17.148333333333333,17.148333333333333,False,1,2021,7,Summer,16.7,87.0,14.4,3.1,5.2,251.0,1007.4,12.43,87.0,31.7,2.17,-0.9455185755993168,-0.32556815445715664
2021-07-28,5.726333333333333,5.726333333333333,False,0,2021,7,Summer,15.2,81.0,11.8,14.1,13.6,248.0,1003.9,15.6,86.0,46.4,2.63,-0.9271838545667873,-0.3746065934159123
2021-07-29,5.320333333333333,5.320333333333333,False,0,2021,7,Summer,14.3,80.0,10.9,2.6,19.9,260.0,1006.3,6.52,87.0,58.0,1.64,-0.984807753012208,-0.17364817766693033
2021-07-30,5.2839583333333335,5.2839583333333335,False,0,2021,7,Summer,14.3,86.0,12.0,12.7,13.2,16.0,1003.2,7.54,98.0,42.1,1.44,0.27563735581699916,0.9612616959383189
2021-07-31,7.543291666666666,7.543291666666666,False,0,2021,7,Summer,15.5,84.0,12.8,2.5,13.2,281.0,1007.8,9.8,92.0,34.2,1.83,-0.9816271834476639,0.1908089953765451
2021-08-01,8.590833333333334,8.590833333333334,False,0,2021,8,Summer,15.4,76.0,10.9,1.3,6.7,21.0,1011.5,17.23,66.0,31.3,2.81,0.35836794954530027,0.9335804264972017
2021-08-02,6.2647916666666665,6.2647916666666665,False,0,2021,8,Summer,14.5,78.0,10.5,0.3,7.3,262.0,1014.7,16.76,58.0,27.4,2.7,-0.9902680687415703,-0.13917310096006583
2021-08-03,8.094541666666666,8.094541666666666,False,0,2021,8,Summer,14.4,76.0,10.0,0.1,4.6,31.0,1013.3,20.52,51.0,19.8,3.3,0.5150380749100542,0.8571673007021123
2021-08-04,10.829500000000001,10.829500000000001,False,0,2021,8,Summer,16.0,79.0,12.2,1.5,5.5,129.0,1012.1,20.06,40.0,31.3,3.33,0.777145961456971,-0.6293203910498373
2021-08-05,6.918291666666666,6.918291666666666,False,0,2021,8,Summer,16.2,79.0,12.4,5.0,16.3,147.0,1002.1,12.96,81.0,55.4,2.49,0.5446390350150273,-0.8386705679454239
2021-08-06,4.85175,4.85175,False,0,2021,8,Summer,15.9,85.0,13.2,13.7,14.3,207.0,993.6,9.55,82.0,50.4,1.79,-0.4539904997395467,-0.8910065241883679
2021-08-07,5.5837916666666665,5.5837916666666665,False,0,2021,8,Summer,14.8,84.0,12.1,13.1,18.9,186.0,993.7,9.27,86.0,48.2,1.75,-0.1045284632676535,-0.9945218953682733
2021-08-08,5.446166666666667,5.446166666666667,False,0,2021,8,Summer,15.3,86.0,13.0,16.6,20.5,238.0,999.9,10.13,88.0,56.9,1.78,-0.848048096156426,-0.529919264233205
2021-08-09,6.40525,6.40525,False,0,2021,8,Summer,15.3,79.0,11.3,2.1,11.0,220.0,1008.5,17.09,49.0,30.2,2.85,-0.6427876096865393,-0.766044443118978
2021-08-10,6.677625,6.677625,False,0,2021,8,Summer,15.9,82.0,12.6,4.8,10.8,243.0,1013.4,17.45,69.0,32.4,2.82,-0.8910065241883678,-0.4539904997395469
2021-08-11,6.538,6.538,False,0,2021,8,Summer,16.7,82.0,13.5,2.7,13.4,190.0,1015.3,11.1,88.0,42.8,2.15,-0.17364817766693047,-0.984807753012208
2021-08-12,6.781791666666667,6.781791666666667,False,0,2021,8,Summer,15.9,74.0,10.9,0.1,12.9,204.0,1015.4,18.96,70.0,42.1,3.4,-0.4067366430758002,-0.9135454576426009
2021-08-13,7.40275,7.40275,False,0,2021,8,Summer,16.3,73.0,11.1,0.1,19.2,227.0,1016.9,17.72,45.0,55.1,3.36,-0.7313537016191705,-0.6819983600624986
2021-08-14,8.842291666666666,8.842291666666666,False,0,2021,8,Summer,15.2,84.0,12.5,2.1,9.8,231.0,1017.8,7.89,86.0,34.9,1.55,-0.7771459614569706,-0.6293203910498378
2021-08-15,5.987625,5.987625,False,0,2021,8,Summer,15.9,86.0,13.5,5.0,11.6,255.0,1011.9,9.87,79.0,34.6,1.78,-0.9659258262890683,-0.25881904510252063
2021-08-16,14.558833333333332,14.558833333333332,False,0,2021,8,Summer,14.6,77.0,10.6,2.0,19.3,297.0,1016.4,10.92,80.0,46.8,2.21,-0.891006524188368,0.45399049973954664
2021-08-17,4.303375,4.303375,False,0,2021,8,Summer,15.3,86.0,12.9,2.9,19.8,282.0,1018.4,5.97,99.0,51.5,1.36,-0.9781476007338056,0.20791169081775943
2021-08-18,5.227083333333334,5.227083333333334,False,0,2021,8,Summer,15.4,85.0,12.9,1.2,16.7,277.0,1016.3,6.33,99.0,42.8,1.38,-0.992546151641322,0.12186934340514768
2021-08-19,7.591375,7.591375,False,0,2021,8,Summer,16.1,86.0,13.7,2.9,9.6,237.0,1012.6,10.13,93.0,30.2,1.73,-0.838670567945424,-0.544639035015027
2021-08-20,5.581875,5.581875,False,0,2021,8,Summer,17.5,84.0,14.7,0.4,7.4,185.0,1014.3,10.87,94.0,25.2,2.07,-0.08715574274765794,-0.9961946980917455
2021-08-21,5.185708333333333,5.185708333333333,False,0,2021,8,Summer,17.1,89.0,15.3,8.3,7.5,163.0,1014.3,6.49,98.0,27.4,1.26,0.2923717047227366,-0.9563047559630355
2021-08-22,4.977416666666667,4.977416666666667,False,0,2021,8,Summer,16.9,88.0,14.9,3.4,8.0,289.0,1019.3,13.52,81.0,33.1,2.18,-0.945518575599317,0.3255681544571563
2021-08-23,6.5672727272727265,6.5672727272727265,False,0,2021,8,Summer,17.1,80.0,13.3,0.1,7.2,54.0,1029.2,15.43,72.0,26.6,2.73,0.8090169943749475,0.5877852522924731
2021-08-24,7.021541666666667,7.021541666666667,False,0,2021,8,Summer,15.9,81.0,12.4,0.0,7.8,58.0,1031.8,15.22,60.0,27.4,2.56,0.848048096156426,0.5299192642332049
2021-08-25,9.351458333333333,9.351458333333333,False,0,2021,8,Summer,16.4,83.0,13.3,0.0,6.9,50.0,1027.6,15.45,62.0,21.2,2.54,0.766044443118978,0.6427876096865394
2021-08-26,7.447875,7.447875,False,0,2021,8,Summer,15.6,77.0,11.5,0.0,10.3,40.0,1024.2,17.26,49.0,31.3,2.83,0.6427876096865393,0.766044443118978
2021-08-27,6.705958333333334,6.705958333333334,False,0,2021,8,Summer,13.7,78.0,9.7,0.1,8.4,27.0,1025.5,11.61,60.0,24.5,2.08,0.45399049973954675,0.8910065241883679
2021-08-28,7.976791666666667,7.976791666666667,False,0,2021,8,Summer,14.6,79.0,10.7,0.0,6.6,358.0,1027.9,17.43,45.0,20.5,2.84,-0.034899496702500823,0.9993908270190958
2021-08-29,9.486125,9.486125,False,0,2021,8,Summer,14.5,78.0,10.4,0.0,10.1,43.0,1027.4,17.13,49.0,33.5,2.77,0.6819983600624985,0.7313537016191705
2021-08-30,5.839291666666667,5.839291666666667,False,0,2021,8,Summer,14.6,78.0,10.7,0.0,11.7,38.0,1028.7,13.62,66.0,32.8,2.35,0.6156614753256583,0.7880107536067219
2021-08-31,6.512291666666666,6.512291666666666,False,0,2021,8,Summer,14.3,76.0,10.0,0.0,12.7,39.0,1032.1,11.33,81.0,37.1,2.07,0.6293203910498374,0.7771459614569709
2021-09-01,11.185166666666667,11.185166666666667,False,0,2021,9,Autumn,14.4,80.0,10.8,0.2,11.4,35.0,1033.4,9.18,73.0,32.8,1.86,0.573576436351046,0.8191520442889918
2021-09-02,10.685,10.685,False,0,2021,9,Autumn,15.1,77.0,11.0,0.0,10.6,54.0,1030.5,14.36,59.0,33.1,2.45,0.8090169943749475,0.5877852522924731
2021-09-03,13.375666666666667,13.375666666666667,False,0,2021,9,Autumn,14.7,78.0,10.8,0.1,9.6,65.0,1024.4,9.65,89.0,27.0,1.79,0.9063077870366499,0.42261826174069944
2021-09-04,14.372166666666667,14.372166666666667,False,0,2021,9,Autumn,15.1,76.0,10.7,0.2,10.9,88.0,1020.3,9.92,90.0,24.5,2.0,0.9993908270190958,0.03489949670250108
2021-09-05,13.606583333333333,13.606583333333333,False,0,2021,9,Autumn,17.5,75.0,12.7,0.2,9.4,122.0,1021.0,13.73,78.0,26.6,2.63,0.8480480961564261,-0.5299192642332048
2021-09-06,26.081166666666665,26.081166666666665,False,1,2021,9,Autumn,18.6,81.0,15.2,0.5,5.2,216.0,1022.7,13.89,80.0,23.0,2.42,-0.587785252292473,-0.8090169943749476
2021-09-07,25.28708333333333,25.28708333333333,False,1,2021,9,Autumn,19.9,80.0,16.1,0.0,4.4,116.0,1020.7,17.83,7.0,18.0,3.22,0.8987940462991669,-0.4383711467890775
2021-09-08,14.326833333333333,14.326833333333333,False,0,2021,9,Autumn,21.8,63.0,14.3,0.0,11.5,110.0,1013.0,17.12,44.0,30.6,3.97,0.9396926207859084,-0.3420201433256687
2021-09-09,14.307250000000002,14.307250000000002,False,0,2021,9,Autumn,19.5,77.0,15.1,1.2,6.0,151.0,1006.6,12.97,76.0,26.6,2.48,0.48480962024633717,-0.8746197071393957
2021-09-10,9.232583333333332,9.232583333333332,False,0,2021,9,Autumn,18.0,88.0,15.9,6.4,7.4,221.0,1008.3,10.32,71.0,24.1,1.84,-0.656059028990507,-0.7547095802227721
2021-09-11,6.429791666666667,6.429791666666667,False,0,2021,9,Autumn,16.6,87.0,14.3,0.6,13.8,265.0,1014.6,9.41,89.0,44.3,1.67,-0.9961946980917455,-0.08715574274765825
2021-09-12,5.802,5.802,False,0,2021,9,Autumn,14.5,88.0,12.4,2.5,4.6,134.0,1019.1,3.59,96.0,23.4,0.81,0.7193398003386511,-0.6946583704589974
2021-09-13,7.405708333333333,7.405708333333333,False,0,2021,9,Autumn,14.6,82.0,11.5,2.6,12.6,92.0,1018.4,4.46,98.0,29.5,1.24,0.9993908270190958,-0.034899496702500955
2021-09-14,6.710833333333333,6.710833333333333,False,0,2021,9,Autumn,14.8,84.0,12.1,3.0,10.9,66.0,1014.0,8.42,77.0,33.5,1.49,0.9135454576426009,0.4067366430758002
2021-09-15,,7.483930555555555,True,0,2021,9,Autumn,14.3,85.0,11.6,0.0,5.5,304.0,1014.7,11.7,67.0,22.3,1.91,-0.8290375725550416,0.559192903470747
2021-09-16,,8.257027777777777,True,0,2021,9,Autumn,15.2,84.0,12.5,0.5,6.4,246.0,1016.3,11.4,65.0,27.0,1.88,-0.913545457642601,-0.4067366430758001
2021-09-17,9.030125,9.030125,False,0,2021,9,Autumn,15.4,79.0,11.6,0.0,10.4,169.0,1012.8,9.89,90.0,36.4,1.92,0.19080899537654497,-0.981627183447664
2021-09-18,9.283708333333333,9.283708333333333,False,0,2021,9,Autumn,17.1,75.0,12.5,0.0,7.6,163.0,1013.2,12.57,55.0,24.1,2.27,0.2923717047227366,-0.9563047559630355
2021-09-19,6.106750000000001,6.106750000000001,False,0,2021,9,Autumn,15.1,83.0,12.2,2.8,8.5,250.0,1014.6,9.49,68.0,33.5,1.66,-0.9396926207859084,-0.34202014332566855
2021-09-20,9.182333333333334,9.182333333333334,False,0,2021,9,Autumn,13.5,80.0,9.8,0.0,7.4,306.0,1024.1,15.0,34.0,31.0,2.36,-0.8090169943749476,0.5877852522924729
2021-09-21,8.752,8.752,False,0,2021,9,Autumn,14.8,83.0,11.7,0.0,7.1,271.0,1029.7,11.7,96.0,23.8,1.9,-0.9998476951563913,0.01745240643728313
2021-09-22,7.756583333333334,7.756583333333334,False,0,2021,9,Autumn,14.3,82.0,11.0,0.0,11.8,237.0,1026.0,9.17,76.0,37.8,1.86,-0.838670567945424,-0.544639035015027
2021-09-23,7.565916666666666,7.565916666666666,False,0,2021,9,Autumn,15.5,80.0,12.1,0.6,16.8,260.0,1018.7,5.75,92.0,45.4,1.46,-0.984807753012208,-0.17364817766693033
2021-09-24,7.369458333333333,7.369458333333333,False,0,2021,9,Autumn,16.1,86.0,13.8,0.4,15.3,248.0,1014.1,4.71,82.0,52.9,1.16,-0.9271838545667873,-0.3746065934159123
2021-09-25,8.252875,8.252875,False,0,2021,9,Autumn,17.5,90.0,15.7,0.4,8.0,202.0,1012.7,4.42,96.0,23.4,0.91,-0.374606593415912,-0.9271838545667874
2021-09-26,8.347125,8.347125,False,0,2021,9,Autumn,16.7,81.0,13.2,0.2,14.1,179.0,1008.5,8.44,69.0,41.8,1.79,0.01745240643728344,-0.9998476951563913
2021-09-27,3.7853333333333334,3.7853333333333334,False,0,2021,9,Autumn,14.2,74.0,9.4,19.2,22.1,210.0,1005.4,7.18,70.0,59.0,1.97,-0.5000000000000001,-0.8660254037844386
2021-09-28,4.4074583333333335,4.4074583333333335,False,0,2021,9,Autumn,11.5,86.0,9.2,13.2,15.6,188.0,1011.3,2.89,80.0,47.2,0.8,-0.13917310096006552,-0.9902680687415703
2021-09-29,5.18975,5.18975,False,0,2021,9,Autumn,10.0,81.0,6.8,3.9,15.4,275.0,1017.3,9.43,62.0,55.8,1.38,-0.9961946980917455,0.08715574274765789
2021-09-30,6.010291666666667,6.010291666666667,False,0,2021,9,Autumn,12.4,86.0,10.0,11.2,20.8,195.0,1013.8,4.54,99.0,63.4,1.03,-0.2588190451025208,-0.9659258262890683
2021-10-01,5.479666666666667,5.479666666666667,False,0,2021,10,Autumn,12.5,75.0,7.9,9.7,20.9,230.0,1005.6,10.48,58.0,57.2,1.95,-0.7660444431189779,-0.6427876096865395
2021-10-02,5.441333333333334,5.441333333333334,False,0,2021,10,Autumn,10.4,85.0,8.0,10.5,17.9,174.0,995.3,2.65,98.0,55.1,0.77,0.10452846326765373,-0.9945218953682733
2021-10-03,4.811375,4.811375,False,0,2021,10,Autumn,10.6,80.0,7.2,2.4,19.8,215.0,992.1,8.46,36.0,59.8,1.47,-0.5735764363510462,-0.8191520442889918
2021-10-04,3.9309583333333333,3.9309583333333333,False,0,2021,10,Autumn,10.9,83.0,8.1,3.1,15.5,186.0,1003.5,9.23,54.0,50.0,1.37,-0.1045284632676535,-0.9945218953682733
2021-10-05,2.954,2.954,False,0,2021,10,Autumn,10.8,84.0,8.2,8.2,20.4,283.0,999.0,3.72,79.0,60.8,1.01,-0.9743700647852352,0.22495105434386492
2021-10-06,4.1775416666666665,4.1775416666666665,False,0,2021,10,Autumn,12.1,74.0,7.6,0.1,14.1,287.0,1017.1,10.52,51.0,50.4,1.82,-0.9563047559630354,0.2923717047227367
2021-10-07,6.063458333333333,6.063458333333333,False,0,2021,10,Autumn,16.1,85.0,13.6,0.3,14.5,185.0,1022.8,6.4,77.0,40.7,1.25,-0.08715574274765794,-0.9961946980917455
2021-10-08,9.522499999999999,9.522499999999999,False,0,2021,10,Autumn,15.6,87.0,13.4,0.0,8.8,178.0,1028.3,7.7,77.0,24.8,1.27,0.03489949670250114,-0.9993908270190958
2021-10-09,11.929041666666668,11.929041666666668,False,0,2021,10,Autumn,14.4,90.0,12.8,2.3,6.3,184.0,1028.4,4.38,93.0,24.1,0.83,-0.06975647374412527,-0.9975640502598242
2021-10-10,5.979916666666667,5.979916666666667,False,0,2021,10,Autumn,13.2,84.0,10.4,0.3,10.1,296.0,1030.5,8.23,69.0,34.2,1.34,-0.898794046299167,0.4383711467890774
2021-10-11,8.746041666666667,8.746041666666667,False,0,2021,10,Autumn,11.7,82.0,8.6,0.1,10.3,288.0,1030.8,7.22,74.0,35.3,1.15,-0.9510565162951536,0.30901699437494723
2021-10-12,7.1277083333333335,7.1277083333333335,False,0,2021,10,Autumn,12.8,88.0,10.9,1.7,12.0,310.0,1026.2,3.87,95.0,33.8,0.79,-0.7660444431189781,0.6427876096865393
2021-10-13,7.7683333333333335,7.7683333333333335,False,0,2021,10,Autumn,12.5,88.0,10.6,0.4,10.2,268.0,1027.1,3.57,98.0,36.0,0.76,-0.9993908270190958,-0.03489949670250076
2021-10-14,7.773291666666666,7.773291666666666,False,0,2021,10,Autumn,12.6,84.0,10.0,1.6,14.7,243.0,1021.6,4.5,98.0,43.9,0.91,-0.8910065241883678,-0.4539904997395469
2021-10-15,7.341874999999999,7.341874999999999,False,0,2021,10,Autumn,10.5,75.0,6.2,0.7,9.5,54.0,1020.5,8.23,60.0,37.8,1.23,0.8090169943749475,0.5877852522924731
2021-10-16,13.414916666666665,13.414916666666665,False,0,2021,10,Autumn,10.0,83.0,7.1,0.4,8.3,176.0,1018.9,5.18,80.0,32.8,0.91,0.06975647374412552,-0.9975640502598242
2021-10-17,12.834291666666667,12.834291666666667,False,0,2021,10,Autumn,13.4,88.0,11.4,2.5,15.1,184.0,1014.1,2.34,100.0,32.4,0.69,-0.06975647374412527,-0.9975640502598242
2021-10-18,10.314583333333333,10.314583333333333,False,0,2021,10,Autumn,13.9,91.0,12.5,1.8,14.0,172.0,1012.5,2.28,100.0,40.0,0.54,0.13917310096006533,-0.9902680687415704
2021-10-19,4.140208333333333,4.140208333333333,False,0,2021,10,Autumn,16.3,91.0,14.8,7.0,17.5,196.0,1006.4,2.72,99.0,49.0,0.77,-0.275637355816999,-0.9612616959383189
2021-10-20,7.090208333333333,7.090208333333333,False,0,2021,10,Autumn,11.7,89.0,10.0,2.6,11.1,237.0,996.6,4.42,87.0,52.2,0.7,-0.838670567945424,-0.544639035015027
2021-10-21,5.525666666666666,5.525666666666666,False,0,2021,10,Autumn,8.5,68.0,2.9,0.7,16.8,296.0,1006.6,9.29,55.0,55.4,1.69,-0.898794046299167,0.4383711467890774
2021-10-22,6.148791666666667,6.148791666666667,False,0,2021,10,Autumn,10.0,80.0,6.5,2.5,17.3,278.0,1018.4,2.98,88.0,46.1,1.11,-0.9902680687415704,0.13917310096006547
2021-10-23,6.5192499999999995,6.5192499999999995,False,0,2021,10,Autumn,10.2,81.0,7.0,0.5,15.6,180.0,1021.4,4.14,100.0,38.9,1.06,1.2246467991473532e-16,-1.0
2021-10-24,6.754166666666666,6.754166666666666,False,0,2021,10,Autumn,11.6,80.0,8.2,2.3,22.0,180.0,1013.3,3.75,71.0,56.2,1.22,1.2246467991473532e-16,-1.0
2021-10-25,6.416956521739131,6.416956521739131,False,0,2021,10,Autumn,10.7,85.0,8.2,1.1,14.1,211.0,1011.6,6.39,46.0,38.2,0.95,-0.5150380749100542,-0.8571673007021123
2021-10-26,4.713958333333333,4.713958333333333,False,0,2021,10,Autumn,12.1,87.0,9.9,1.7,17.3,195.0,1013.0,3.48,99.0,44.3,0.84,-0.2588190451025208,-0.9659258262890683
2021-10-27,5.129625,5.129625,False,0,2021,10,Autumn,15.6,78.0,11.8,0.3,26.6,203.0,1011.0,2.46,100.0,53.6,1.55,-0.39073112848927355,-0.9205048534524404
2021-10-28,5.949291666666666,5.949291666666666,False,0,2021,10,Autumn,14.7,81.0,11.5,6.1,27.2,180.0,1002.6,3.2,100.0,71.3,1.37,1.2246467991473532e-16,-1.0
2021-10-29,5.584791666666667,5.584791666666667,False,0,2021,10,Autumn,11.8,86.0,9.6,18.6,19.9,185.0,993.0,3.5,94.0,61.9,0.81,-0.08715574274765794,-0.9961946980917455
2021-10-30,5.730166666666666,5.730166666666666,False,0,2021,10,Autumn,9.9,83.0,7.1,9.3,16.4,185.0,993.4,4.89,67.0,40.7,0.94,-0.08715574274765794,-0.9961946980917455
2021-10-31,5.0285416666666665,5.0285416666666665,False,0,2021,10,Autumn,9.6,84.0,7.0,17.8,25.5,172.0,986.1,3.67,87.0,67.3,0.98,0.13917310096006533,-0.9902680687415704
2021-11-01,3.9191249999999997,3.9191249999999997,False,0,2021,11,Autumn,8.3,87.0,6.3,21.4,23.6,235.0,988.1,1.16,95.0,57.6,0.6,-0.8191520442889916,-0.5735764363510464
2021-11-02,6.9379583333333334,6.9379583333333334,False,0,2021,11,Autumn,6.5,91.0,5.0,3.8,7.7,207.0,997.6,4.59,93.0,23.8,0.54,-0.4539904997395467,-0.8910065241883679
2021-11-03,9.668875,9.668875,False,0,2021,11,Autumn,5.5,92.0,4.2,0.5,6.6,355.0,1005.8,5.2,62.0,25.9,0.61,-0.08715574274765832,0.9961946980917455
2021-11-04,8.385458333333334,8.385458333333334,False,0,2021,11,Autumn,4.2,85.0,1.8,0.0,8.5,333.0,1017.1,6.1,21.0,24.8,0.65,-0.45399049973954697,0.8910065241883678
2021-11-05,25.337166666666665,25.337166666666665,False,1,2021,11,Autumn,5.5,93.0,4.4,3.6,8.5,206.0,1024.9,1.11,85.0,23.4,0.26,-0.43837114678907746,-0.8987940462991669
2021-11-06,8.918000000000001,8.918000000000001,False,0,2021,11,Autumn,10.7,85.0,8.2,3.2,21.2,240.0,1020.3,2.51,90.0,63.7,0.8,-0.8660254037844384,-0.5000000000000004
2021-11-07,11.544833333333335,11.544833333333335,False,0,2021,11,Autumn,10.3,69.0,4.8,0.0,22.2,285.0,1019.7,2.78,92.0,52.9,1.54,-0.9659258262890684,0.2588190451025203
2021-11-08,8.534833333333333,8.534833333333333,False,0,2021,11,Autumn,9.2,87.0,7.1,0.5,9.9,193.0,1021.1,2.95,89.0,28.4,0.52,-0.22495105434386498,-0.9743700647852352
2021-11-09,4.2855,4.2855,False,0,2021,11,Autumn,12.9,88.0,11.0,1.3,16.2,196.0,1019.0,1.83,98.0,32.8,0.59,-0.275637355816999,-0.9612616959383189
2021-11-10,12.826416666666667,12.826416666666667,False,0,2021,11,Autumn,10.5,93.0,9.4,2.4,4.9,217.0,1022.1,2.62,98.0,15.5,0.39,-0.6018150231520484,-0.7986355100472928
2021-11-11,13.541791666666667,13.541791666666667,False,0,2021,11,Autumn,9.5,93.0,8.5,0.4,8.1,165.0,1020.6,1.4,98.0,31.0,0.33,0.258819045102521,-0.9659258262890682
2021-11-12,7.051916666666667,7.051916666666667,False,0,2021,11,Autumn,11.3,85.0,8.9,4.8,25.0,211.0,1006.5,0.83,90.0,52.6,0.77,-0.5150380749100542,-0.8571673007021123
2021-11-13,10.766583333333335,10.766583333333335,False,0,2021,11,Autumn,10.2,88.0,8.2,0.0,12.6,303.0,1015.7,4.24,53.0,50.4,0.69,-0.8386705679454243,0.5446390350150266
2021-11-14,18.02275,18.02275,False,1,2021,11,Autumn,7.1,95.0,6.4,0.0,5.5,62.0,1025.6,2.45,45.0,15.5,0.33,0.8829475928589269,0.46947156278589086
2021-11-15,19.375041666666664,19.375041666666664,False,1,2021,11,Autumn,8.1,94.0,7.1,0.2,5.2,171.0,1026.8,0.99,87.0,14.4,0.24,0.15643446504023098,-0.9876883405951377
2021-11-16,14.450708333333333,14.450708333333333,False,0,2021,11,Autumn,9.6,93.0,8.5,0.8,9.0,210.0,1020.9,1.61,98.0,35.3,0.33,-0.5000000000000001,-0.8660254037844386
2021-11-17,10.931666666666667,10.931666666666667,False,0,2021,11,Autumn,9.2,86.0,6.9,3.3,14.1,264.0,1022.0,2.68,74.0,38.2,0.54,-0.9945218953682734,-0.10452846326765336
2021-11-18,6.390625,6.390625,False,0,2021,11,Autumn,11.9,86.0,9.7,1.3,17.2,243.0,1025.9,0.87,99.0,38.5,0.58,-0.8910065241883678,-0.4539904997395469
2021-11-19,6.181333333333334,6.181333333333334,False,0,2021,11,Autumn,11.5,88.0,9.5,1.2,13.6,249.0,1028.5,2.24,98.0,37.4,0.53,-0.9335804264972016,-0.3583679495453007
2021-11-20,6.592125,6.592125,False,0,2021,11,Autumn,9.7,84.0,7.2,0.2,13.9,247.0,1022.8,2.42,89.0,37.1,0.58,-0.9205048534524403,-0.3907311284892738
2021-11-21,5.442125,5.442125,False,0,2021,11,Autumn,4.4,83.0,1.6,0.0,10.6,346.0,1022.5,4.48,10.0,30.6,0.52,-0.24192189559966787,0.9702957262759965
2021-11-22,11.730666666666666,11.730666666666666,False,0,2021,11,Autumn,2.9,86.0,0.8,0.0,6.2,359.0,1032.7,4.33,20.0,17.6,0.4,-0.01745240643728356,0.9998476951563913
2021-11-23,9.779916666666667,9.779916666666667,False,0,2021,11,Autumn,4.5,93.0,3.4,0.0,4.7,232.0,1032.8,2.99,67.0,18.0,0.33,-0.7880107536067221,-0.6156614753256581
2021-11-24,8.341291666666667,8.341291666666667,False,0,2021,11,Autumn,7.0,88.0,5.1,0.1,9.0,236.0,1021.7,1.82,97.0,22.3,0.35,-0.8290375725550418,-0.5591929034707466
2021-11-25,8.306875,8.306875,False,0,2021,11,Autumn,2.5,85.0,0.2,0.0,8.2,314.0,1018.0,4.02,56.0,22.7,0.39,-0.7193398003386512,0.6946583704589973
2021-11-26,5.3685833333333335,5.3685833333333335,False,0,2021,11,Autumn,5.8,79.0,2.3,15.9,26.4,286.0,994.0,3.28,77.0,85.0,0.92,-0.9612616959383188,0.2756373558169994
2021-11-27,5.81575,5.81575,False,0,2021,11,Autumn,2.5,73.0,-2.0,9.0,29.6,342.0,999.8,2.5,73.0,82.8,0.96,-0.3090169943749476,0.9510565162951535
2021-11-28,12.070583333333333,12.070583333333333,False,0,2021,11,Autumn,-0.9,79.0,-4.2,2.4,7.1,321.0,1009.0,1.26,63.0,29.5,0.28,-0.6293203910498378,0.7771459614569706
2021-11-29,19.625666666666667,19.625666666666667,False,1,2021,11,Autumn,-0.5,92.0,-1.7,0.7,7.1,194.0,1013.7,2.15,94.0,33.5,0.21,-0.2419218955996675,-0.9702957262759965
2021-11-30,6.544875,6.544875,False,0,2021,11,Autumn,9.4,93.0,8.4,6.8,19.8,253.0,1007.1,0.76,100.0,45.4,0.22,-0.9563047559630353,-0.2923717047227371
2021-12-01,5.7331666666666665,5.7331666666666665,False,0,2021,12,Winter,6.1,84.0,3.6,5.2,21.5,298.0,998.0,2.19,62.0,68.0,0.55,-0.8829475928589271,0.4694715627858904
2021-12-02,7.988499999999999,7.988499999999999,False,0,2021,12,Winter,1.3,74.0,-2.8,0.4,10.4,312.0,1012.2,3.76,61.0,30.2,0.53,-0.7431448254773946,0.6691306063588578
2021-12-03,11.182291666666666,11.182291666666666,False,0,2021,12,Winter,5.4,92.0,4.3,4.2,10.8,211.0,1002.5,1.5,100.0,32.8,0.25,-0.5150380749100542,-0.8571673007021123
2021-12-04,5.553333333333334,5.553333333333334,False,0,2021,12,Winter,5.3,87.0,3.3,15.9,24.4,272.0,994.7,0.78,93.0,75.2,0.44,-0.9993908270190958,0.03489949670250128
2021-12-05,8.456125,8.456125,False,0,2021,12,Winter,5.1,80.0,2.0,2.1,16.4,323.0,1009.1,1.27,94.0,49.0,0.58,-0.6018150231520483,0.7986355100472928
2021-12-06,8.830583333333333,8.830583333333333,False,0,2021,12,Winter,3.0,90.0,1.5,14.0,13.5,210.0,1007.6,0.74,90.0,35.3,0.24,-0.5000000000000001,-0.8660254037844386
2021-12-07,6.83475,6.83475,False,0,2021,12,Winter,4.2,84.0,1.7,6.6,25.3,161.0,991.6,0.45,87.0,74.5,0.54,0.3255681544571566,-0.9455185755993168
2021-12-08,4.133333333333334,4.133333333333334,False,0,2021,12,Winter,5.2,87.0,3.2,15.1,29.0,228.0,981.1,0.78,99.0,67.3,0.52,-0.7431448254773944,-0.6691306063588581
2021-12-09,9.382,9.382,False,0,2021,12,Winter,6.2,88.0,4.4,7.9,16.2,233.0,995.6,1.94,85.0,37.8,0.37,-0.7986355100472928,-0.6018150231520483
2021-12-10,7.136458333333334,7.136458333333334,False,0,2021,12,Winter,4.8,84.0,2.3,0.3,16.9,297.0,998.9,2.52,44.0,42.8,0.48,-0.891006524188368,0.45399049973954664
2021-12-11,12.310375,12.310375,False,0,2021,12,Winter,5.3,93.0,4.2,4.4,10.9,188.0,1011.7,0.77,90.0,30.6,0.2,-0.13917310096006552,-0.9902680687415703
2021-12-12,6.642083333333333,6.642083333333333,False,0,2021,12,Winter,11.3,91.0,9.9,5.8,15.1,196.0,1014.3,0.86,97.0,42.8,0.37,-0.275637355816999,-0.9612616959383189
2021-12-13,8.108333333333333,8.108333333333333,False,0,2021,12,Winter,9.0,90.0,7.4,7.4,8.0,220.0,1019.5,0.46,100.0,46.1,0.29,-0.6427876096865393,-0.766044443118978
2021-12-14,13.063208333333334,13.063208333333334,False,0,2021,12,Winter,6.6,95.0,5.9,0.5,6.5,191.0,1023.7,1.49,98.0,22.0,0.16,-0.19080899537654472,-0.981627183447664
2021-12-15,8.815833333333334,8.815833333333334,False,0,2021,12,Winter,8.3,92.0,7.1,0.1,9.8,206.0,1027.8,2.42,67.0,25.6,0.27,-0.43837114678907746,-0.8987940462991669
2021-12-16,22.295666666666666,22.295666666666666,False,1,2021,12,Winter,7.8,94.0,6.9,0.0,4.0,168.0,1037.1,0.84,92.0,9.7,0.17,0.20791169081775931,-0.9781476007338057
2021-12-17,23.125125,23.125125,False,1,2021,12,Winter,5.5,96.0,5.0,0.0,4.8,55.0,1041.8,2.71,68.0,12.6,0.22,0.8191520442889918,0.5735764363510462
2021-12-18,15.602416666666668,15.602416666666668,False,1,2021,12,Winter,5.6,94.0,4.6,0.0,4.9,79.0,1040.5,1.51,82.0,11.9,0.2,0.981627183447664,0.19080899537654492
2021-12-19,17.323125,17.323125,False,1,2021,12,Winter,3.1,95.0,2.3,0.0,2.4,32.0,1036.0,1.87,99.0,10.4,0.16,0.5299192642332049,0.848048096156426
2021-12-20,17.248541666666668,17.248541666666668,False,1,2021,12,Winter,4.3,90.0,2.7,0.0,4.9,74.0,1030.5,1.56,92.0,20.5,0.25,0.9612616959383189,0.27563735581699916
2021-12-21,16.319875,16.319875,False,1,2021,12,Winter,1.6,87.0,-0.3,0.0,6.6,114.0,1025.8,2.85,79.0,17.6,0.25,0.9135454576426009,-0.40673664307580026
2021-12-22,20.824625,20.824625,False,1,2021,12,Winter,1.6,83.0,-1.0,2.7,8.4,141.0,1017.6,0.93,100.0,25.2,0.25,0.6293203910498374,-0.7771459614569709
2021-12-23,19.321083333333334,19.321083333333334,False,1,2021,12,Winter,6.3,93.0,5.2,2.3,8.5,179.0,1005.6,0.58,89.0,20.2,0.16,0.01745240643728344,-0.9998476951563913
2021-12-24,6.561624999999999,6.561624999999999,False,0,2021,12,Winter,7.6,93.0,6.5,4.4,14.1,118.0,1003.3,1.33,91.0,45.4,0.27,0.8829475928589269,-0.4694715627858909
2021-12-25,3.497458333333333,3.497458333333333,False,0,2021,12,Winter,4.6,80.0,1.3,2.4,24.6,89.0,1004.4,1.51,100.0,54.4,0.73,0.9998476951563913,0.0174524064372836
2021-12-26,5.250666666666667,5.250666666666667,False,0,2021,12,Winter,4.5,89.0,2.8,11.9,15.0,100.0,1000.0,0.86,100.0,47.2,0.28,0.984807753012208,-0.1736481776669303
2021-12-27,9.0585,9.0585,False,0,2021,12,Winter,7.0,93.0,5.9,0.2,11.4,110.0,991.5,1.02,100.0,32.8,0.22,0.9396926207859084,-0.3420201433256687
2021-12-28,6.515416666666667,6.515416666666667,False,0,2021,12,Winter,7.8,95.0,7.0,3.3,8.6,293.0,990.5,1.42,87.0,29.9,0.2,-0.9205048534524405,0.3907311284892735
2021-12-29,8.139750000000001,8.139750000000001,False,0,2021,12,Winter,8.5,90.0,7.0,2.9,14.9,200.0,999.8,1.03,91.0,52.9,0.3,-0.34202014332566866,-0.9396926207859084
2021-12-30,2.6807916666666665,2.6807916666666665,False,0,2021,12,Winter,12.9,90.0,11.3,12.2,20.3,209.0,1005.8,0.69,100.0,55.1,0.47,-0.48480962024633695,-0.8746197071393959
2021-12-31,6.726708333333334,6.726708333333334,False,0,2021,12,Winter,13.1,87.0,10.9,4.3,21.2,214.0,1010.6,2.07,97.0,50.0,0.66,-0.5591929034707467,-0.8290375725550418
2022-01-01,10.92275,10.92275,False,0,2022,1,Winter,12.7,81.0,9.4,1.4,22.7,189.0,1011.5,1.97,80.0,50.8,1.02,-0.15643446504023073,-0.9876883405951378
2022-01-02,6.696208333333334,6.696208333333334,False,0,2022,1,Winter,9.6,87.0,7.5,9.8,18.0,208.0,1005.3,1.69,74.0,44.3,0.5,-0.46947156278589086,-0.8829475928589269
2022-01-03,8.713583333333334,8.713583333333334,False,0,2022,1,Winter,7.8,82.0,4.9,3.7,19.1,226.0,1002.5,2.33,32.0,47.2,0.71,-0.7193398003386512,-0.6946583704589973
2022-01-04,5.687916666666666,5.687916666666666,False,0,2022,1,Winter,3.2,78.0,-0.4,2.2,13.3,312.0,1002.0,3.51,45.0,39.6,0.58,-0.7431448254773946,0.6691306063588578
2022-01-05,9.773041666666666,9.773041666666666,False,0,2022,1,Winter,2.7,76.0,-1.1,0.0,13.4,301.0,1012.8,3.51,8.0,38.5,0.65,-0.8571673007021123,0.5150380749100542
2022-01-06,6.800333333333334,6.800333333333334,False,0,2022,1,Winter,2.0,84.0,-0.6,2.8,17.4,185.0,1011.9,0.76,66.0,54.4,0.4,-0.08715574274765794,-0.9961946980917455
2022-01-07,6.095791666666667,6.095791666666667,False,0,2022,1,Winter,2.0,84.0,-0.4,15.3,14.2,241.0,1006.5,1.65,73.0,40.0,0.42,-0.874619707139396,-0.48480962024633684
2022-01-08,7.911874999999999,7.911874999999999,False,0,2022,1,Winter,4.8,89.0,3.0,7.5,18.2,227.0,997.8,1.02,92.0,44.3,0.35,-0.7313537016191705,-0.6819983600624986
2022-01-09,8.383583333333332,8.383583333333332,False,0,2022,1,Winter,4.8,87.0,2.8,5.1,15.1,253.0,999.6,1.79,72.0,38.9,0.38,-0.9563047559630353,-0.2923717047227371
2022-01-10,9.463583333333334,9.463583333333334,False,0,2022,1,Winter,6.9,91.0,5.5,1.0,10.8,173.0,1014.7,0.66,97.0,25.9,0.25,0.12186934340514755,-0.992546151641322
2022-01-11,14.495875,14.495875,False,0,2022,1,Winter,6.6,94.0,5.7,2.7,6.1,227.0,1028.9,1.57,80.0,27.0,0.21,-0.7313537016191705,-0.6819983600624986
2022-01-12,18.697,18.697,False,1,2022,1,Winter,3.5,97.0,3.0,0.0,5.5,175.0,1040.2,2.33,74.0,15.5,0.24,0.0871557427476582,-0.9961946980917455
2022-01-13,16.146791666666665,16.146791666666665,False,1,2022,1,Winter,2.2,97.0,1.8,0.0,5.6,188.0,1040.4,2.9,75.0,14.4,0.24,-0.13917310096006552,-0.9902680687415703
2022-01-14,21.900666666666666,21.900666666666666,False,1,2022,1,Winter,2.6,96.0,2.1,0.0,3.4,187.0,1036.2,1.9,91.0,13.3,0.2,-0.12186934340514731,-0.9925461516413221
2022-01-15,24.409499999999998,24.409499999999998,False,1,2022,1,Winter,1.9,88.0,0.1,0.1,4.3,179.0,1025.3,2.93,80.0,18.0,0.26,0.01745240643728344,-0.9998476951563913
2022-01-16,13.158499999999998,13.158499999999998,False,0,2022,1,Winter,3.6,94.0,2.7,0.7,8.4,248.0,1025.7,1.62,66.0,24.1,0.22,-0.9271838545667873,-0.3746065934159123
2022-01-17,15.018708333333334,15.018708333333334,False,1,2022,1,Winter,3.0,93.0,1.9,0.0,5.3,216.0,1037.5,3.08,40.0,14.0,0.29,-0.587785252292473,-0.8090169943749476
2022-01-18,18.152625,18.152625,False,1,2022,1,Winter,2.3,87.0,0.3,0.0,7.9,171.0,1035.6,4.1,45.0,23.8,0.37,0.15643446504023098,-0.9876883405951377
2022-01-19,8.722458333333334,8.722458333333334,False,0,2022,1,Winter,5.5,87.0,3.3,0.8,16.5,279.0,1026.8,4.13,43.0,44.6,0.59,-0.9876883405951378,0.15643446504023067
2022-01-20,11.543,11.543,False,0,2022,1,Winter,0.9,83.0,-1.7,0.0,8.4,340.0,1037.0,4.55,20.0,22.3,0.42,-0.3420201433256686,0.9396926207859084
2022-01-21,12.756541666666665,12.756541666666665,False,0,2022,1,Winter,2.3,90.0,0.8,0.0,7.1,247.0,1039.0,2.34,78.0,23.8,0.31,-0.9205048534524403,-0.3907311284892738
2022-01-22,7.052916666666667,7.052916666666667,False,0,2022,1,Winter,5.6,89.0,3.9,0.2,8.5,266.0,1037.0,1.47,100.0,29.5,0.31,-0.9975640502598242,-0.06975647374412558
2022-01-23,7.998208333333333,7.998208333333333,False,0,2022,1,Winter,4.7,87.0,2.7,0.0,8.0,204.0,1034.5,1.98,100.0,23.8,0.34,-0.4067366430758002,-0.9135454576426009
2022-01-24,25.86,25.86,False,1,2022,1,Winter,1.8,89.0,0.1,0.0,3.6,197.0,1033.8,3.35,86.0,13.7,0.3,-0.29237170472273677,-0.9563047559630354
2022-01-25,34.06275,34.06275,False,1,2022,1,Winter,2.0,88.0,0.2,0.0,3.9,216.0,1034.1,1.93,100.0,16.9,0.25,-0.587785252292473,-0.8090169943749476
2022-01-26,14.995166666666668,14.995166666666668,False,0,2022,1,Winter,6.1,83.0,3.4,0.0,12.1,229.0,1030.2,2.99,100.0,37.1,0.62,-0.754709580222772,-0.6560590289905073
2022-01-27,6.29925,6.29925,False,0,2022,1,Winter,8.4,85.0,6.0,1.8,19.8,275.0,1026.4,3.95,64.0,50.4,0.72,-0.9961946980917455,0.08715574274765789
2022-01-28,10.154333333333334,10.154333333333334,False,0,2022,1,Winter,6.3,91.0,4.8,0.8,12.5,226.0,1031.7,1.78,93.0,38.2,0.4,-0.7193398003386512,-0.6946583704589973
2022-01-29,9.218791666666666,9.218791666666666,False,0,2022,1,Winter,9.4,78.0,5.7,1.4,28.2,273.0,1025.6,3.25,83.0,84.2,1.17,-0.9986295347545738,0.052335956242943946
2022-01-30,10.449083333333332,10.449083333333332,False,0,2022,1,Winter,4.5,84.0,2.0,3.1,14.4,241.0,1028.2,3.51,71.0,68.4,0.61,-0.874619707139396,-0.48480962024633684
2022-01-31,8.211541666666667,8.211541666666667,False,0,2022,1,Winter,6.0,72.0,1.2,0.9,26.8,298.0,1022.9,4.9,76.0,70.6,1.34,-0.8829475928589271,0.4694715627858904
2022-02-01,6.048583333333333,6.048583333333333,False,0,2022,2,Winter,9.4,85.0,7.0,2.1,28.8,279.0,1019.9,4.0,92.0,64.1,0.91,-0.9876883405951378,0.15643446504023067
2022-02-02,8.409958333333334,8.409958333333334,False,0,2022,2,Winter,9.2,89.0,7.5,2.1,17.7,265.0,1020.4,1.25,100.0,43.9,0.44,-0.9961946980917455,-0.08715574274765825
2022-02-03,5.822583333333333,5.822583333333333,False,0,2022,2,Winter,8.8,84.0,6.2,0.4,17.6,225.0,1010.8,2.95,99.0,43.2,0.74,-0.7071067811865475,-0.7071067811865477
2022-02-04,5.4355416666666665,5.4355416666666665,False,0,2022,2,Winter,4.9,83.0,2.2,14.4,19.2,269.0,1008.4,3.75,79.0,56.2,0.65,-0.9998476951563913,-0.017452406437283498
2022-02-05,8.084708333333333,8.084708333333333,False,0,2022,2,Winter,6.1,83.0,3.4,7.9,24.5,234.0,1012.3,0.82,86.0,71.6,0.66,-0.8090169943749473,-0.5877852522924732
2022-02-06,5.531791666666667,5.531791666666667,False,0,2022,2,Winter,6.4,81.0,3.4,17.0,29.3,276.0,1003.8,2.89,78.0,70.6,0.89,-0.9945218953682734,0.10452846326765299
2022-02-07,6.723708333333334,6.723708333333334,False,0,2022,2,Winter,5.6,86.0,3.4,2.9,13.1,236.0,1021.6,1.73,80.0,45.7,0.45,-0.8290375725550418,-0.5591929034707466
2022-02-08,4.27775,4.27775,False,0,2022,2,Winter,10.7,86.0,8.4,3.1,23.8,233.0,1021.2,1.05,99.0,50.4,0.72,-0.7986355100472928,-0.6018150231520483
2022-02-09,6.082,6.082,False,0,2022,2,Winter,7.9,80.0,4.6,6.4,16.1,260.0,1021.0,5.92,85.0,43.2,0.92,-0.984807753012208,-0.17364817766693033
2022-02-10,6.737375,6.737375,False,0,2022,2,Winter,4.7,76.0,0.9,2.2,19.6,265.0,1021.0,5.81,56.0,52.6,0.99,-0.9961946980917455,-0.08715574274765825
2022-02-11,9.1855,9.1855,False,0,2022,2,Winter,3.7,83.0,0.9,0.3,10.9,202.0,1029.2,4.72,70.0,33.1,0.74,-0.374606593415912,-0.9271838545667874
2022-02-12,5.946416666666667,5.946416666666667,False,0,2022,2,Winter,5.9,80.0,2.7,11.5,26.9,189.0,1015.4,1.01,100.0,61.2,0.85,-0.15643446504023073,-0.9876883405951378
2022-02-13,3.639125,3.639125,False,0,2022,2,Winter,8.5,90.0,7.0,4.8,23.0,185.0,995.6,0.78,100.0,55.4,0.45,-0.08715574274765794,-0.9961946980917455
2022-02-14,4.772,4.772,False,0,2022,2,Winter,6.1,88.0,4.3,4.4,18.7,278.0,995.8,2.54,82.0,41.4,0.5,-0.9902680687415704,0.13917310096006547
2022-02-15,8.877708333333333,8.877708333333333,False,0,2022,2,Winter,6.1,82.0,3.2,4.6,18.4,227.0,1001.7,4.24,86.0,50.4,0.83,-0.7313537016191705,-0.6819983600624986
2022-02-16,7.578708333333334,7.578708333333334,False,0,2022,2,Winter,10.6,82.0,7.7,10.4,32.1,243.0,989.6,1.3,89.0,90.7,1.07,-0.8910065241883678,-0.4539904997395469
2022-02-17,6.941791666666667,6.941791666666667,False,0,2022,2,Winter,6.0,78.0,2.4,2.7,24.4,262.0,1003.5,4.18,74.0,71.3,1.05,-0.9902680687415703,-0.13917310096006583
2022-02-18,5.257541666666667,5.257541666666667,False,0,2022,2,Winter,5.4,81.0,2.3,15.3,28.4,244.0,990.5,3.75,88.0,95.0,0.94,-0.8987940462991668,-0.43837114678907774
2022-02-19,6.606750000000001,6.606750000000001,False,0,2022,2,Winter,2.9,87.0,0.9,8.0,17.5,241.0,1005.3,2.4,88.0,64.4,0.5,-0.874619707139396,-0.48480962024633684
2022-02-20,5.686958333333333,5.686958333333333,False,0,2022,2,Winter,8.2,85.0,5.9,27.8,31.7,240.0,996.0,0.55,94.0,89.6,0.76,-0.8660254037844384,-0.5000000000000004
2022-02-21,13.857999999999999,13.857999999999999,False,0,2022,2,Winter,6.2,75.0,2.1,3.5,31.2,278.0,1005.2,5.33,69.0,86.4,1.37,-0.9902680687415704,0.13917310096006547
2022-02-22,7.880375,7.880375,False,0,2022,2,Winter,8.0,78.0,4.4,2.6,22.9,252.0,1014.7,6.05,61.0,67.7,1.2,-0.9510565162951535,-0.30901699437494756
2022-02-23,6.127208333333333,6.127208333333333,False,0,2022,2,Winter,7.4,76.0,3.5,3.1,24.0,216.0,1015.4,3.78,66.0,58.7,1.22,-0.587785252292473,-0.8090169943749476
2022-02-24,5.110083333333333,5.110083333333333,False,0,2022,2,Winter,4.1,78.0,0.7,10.3,20.7,251.0,1006.9,6.11,83.0,62.6,0.92,-0.9455185755993168,-0.32556815445715664
2022-02-25,10.21825,10.21825,False,0,2022,2,Winter,5.4,79.0,2.0,3.4,17.3,277.0,1022.8,8.52,51.0,62.6,1.2,-0.992546151641322,0.12186934340514768
2022-02-26,14.570625,14.570625,False,0,2022,2,Winter,5.8,76.0,1.6,0.0,17.2,170.0,1026.5,7.8,69.0,52.9,1.33,0.17364817766693028,-0.984807753012208
2022-02-27,9.390708333333334,9.390708333333334,False,0,2022,2,Winter,5.7,65.0,-0.3,0.0,17.0,150.0,1021.9,10.91,3.0,37.8,1.77,0.49999999999999994,-0.8660254037844387
2022-02-28,9.416727272727274,9.416727272727274,False,0,2022,2,Winter,7.7,86.0,5.4,13.1,16.5,187.0,1020.5,1.3,99.0,42.5,0.61,-0.12186934340514731,-0.9925461516413221
2022-03-01,9.59325,9.59325,False,0,2022,3,Spring,5.2,80.0,1.9,0.0,11.7,56.0,1028.3,11.13,64.0,34.2,1.34,0.8290375725550417,0.5591929034707468
2022-03-02,13.006124999999999,13.006124999999999,False,0,2022,3,Spring,6.5,85.0,4.1,1.5,19.3,101.0,1020.5,1.94,100.0,39.6,0.65,0.981627183447664,-0.1908089953765448
2022-03-03,35.30579166666667,35.30579166666667,False,1,2022,3,Spring,7.2,85.0,4.7,9.2,8.3,116.0,1014.6,1.13,100.0,27.0,0.51,0.8987940462991669,-0.4383711467890775
2022-03-04,5.622083333333333,5.622083333333333,False,0,2022,3,Spring,6.0,84.0,3.4,7.2,10.8,310.0,1020.0,6.09,80.0,30.2,0.88,-0.7660444431189781,0.6427876096865393
2022-03-05,5.9906250000000005,5.9906250000000005,False,0,2022,3,Spring,3.7,75.0,-0.6,0.4,14.2,11.0,1027.6,10.63,24.0,50.0,1.46,0.1908089953765448,0.981627183447664
2022-03-06,7.553,7.553,False,0,2022,3,Spring,4.2,76.0,-0.1,0.0,10.6,51.0,1031.8,10.97,28.0,37.1,1.35,0.7771459614569709,0.6293203910498375
2022-03-07,10.001125,10.001125,False,0,2022,3,Spring,2.7,78.0,-1.1,0.0,12.7,102.0,1026.0,7.02,37.0,34.6,1.07,0.9781476007338057,-0.20791169081775934
2022-03-08,22.260375,22.260375,False,1,2022,3,Spring,5.4,66.0,-0.5,0.0,19.8,134.0,1012.9,12.25,36.0,47.9,1.94,0.7193398003386511,-0.6946583704589974
2022-03-09,10.552375,10.552375,False,0,2022,3,Spring,9.2,72.0,4.3,0.0,23.1,169.0,1012.1,8.78,90.0,60.5,1.86,0.19080899537654497,-0.981627183447664
2022-03-10,7.945208333333333,7.945208333333333,False,0,2022,3,Spring,10.7,73.0,6.0,0.5,21.3,164.0,1012.9,8.01,81.0,57.6,1.77,0.2756373558169992,-0.9612616959383189
2022-03-11,10.917916666666665,10.917916666666665,False,0,2022,3,Spring,10.2,80.0,6.9,4.7,22.3,142.0,1001.8,4.81,90.0,59.4,1.22,0.6156614753256584,-0.7880107536067219
2022-03-12,5.965083333333333,5.965083333333333,False,0,2022,3,Spring,8.9,73.0,4.1,4.6,22.5,167.0,1003.2,10.2,86.0,55.4,1.92,0.2249510543438652,-0.9743700647852351
2022-03-13,6.087,6.087,False,0,2022,3,Spring,9.4,72.0,4.4,5.0,23.3,158.0,1003.2,10.19,94.0,58.3,2.0,0.37460659341591224,-0.9271838545667873
2022-03-14,6.519291666666667,6.519291666666667,False,0,2022,3,Spring,6.6,77.0,2.4,0.4,11.2,213.0,1020.3,12.59,38.0,43.6,1.73,-0.5446390350150271,-0.838670567945424
2022-03-15,9.328833333333334,9.328833333333334,False,0,2022,3,Spring,7.1,75.0,2.8,0.0,10.6,168.0,1020.8,10.16,61.0,35.3,1.57,0.20791169081775931,-0.9781476007338057
2022-03-16,15.647708333333334,15.647708333333334,False,1,2022,3,Spring,7.6,88.0,5.6,5.6,9.6,269.0,1018.7,5.93,90.0,32.8,0.92,-0.9998476951563913,-0.017452406437283498
2022-03-17,8.016875,8.016875,False,0,2022,3,Spring,6.2,85.0,3.7,0.4,12.6,223.0,1028.3,7.62,32.0,42.5,1.08,-0.6819983600624984,-0.7313537016191706
2022-03-18,13.951500000000001,13.951500000000001,False,0,2022,3,Spring,8.4,82.0,5.1,0.0,7.2,135.0,1041.7,12.61,45.0,31.7,1.8,0.7071067811865476,-0.7071067811865475
2022-03-19,12.030375,12.030375,False,0,2022,3,Spring,9.2,67.0,3.1,0.0,19.8,93.0,1039.2,15.31,1.0,53.6,2.64,0.9986295347545738,-0.05233595624294384
2022-03-20,22.536541666666665,22.536541666666665,False,1,2022,3,Spring,6.6,69.0,1.0,0.0,13.0,94.0,1029.8,14.58,13.0,52.2,2.02,0.9975640502598242,-0.06975647374412533
2022-03-21,33.42579166666667,33.42579166666667,False,1,2022,3,Spring,6.1,72.0,1.1,0.2,6.9,132.0,1027.5,11.25,38.0,24.8,1.61,0.7431448254773942,-0.6691306063588582
2022-03-22,32.60245833333333,32.60245833333333,False,1,2022,3,Spring,11.3,71.0,6.0,0.9,11.5,108.0,1028.3,14.16,39.0,34.6,2.34,0.9510565162951536,-0.30901699437494734
2022-03-23,36.478125,36.478125,False,1,2022,3,Spring,11.3,70.0,5.5,0.0,8.3,117.0,1029.9,15.0,17.0,26.3,2.43,0.8910065241883679,-0.4539904997395467
2022-03-24,35.24691666666667,35.24691666666667,False,1,2022,3,Spring,10.7,69.0,4.9,0.0,4.7,344.0,1030.3,15.24,16.0,19.1,2.27,-0.27563735581699894,0.9612616959383189
2022-03-25,29.246458333333333,29.246458333333333,False,1,2022,3,Spring,11.1,63.0,3.8,0.0,4.8,112.0,1032.3,15.61,22.0,16.9,2.41,0.9271838545667874,-0.37460659341591207
2022-03-26,26.293333333333333,26.293333333333333,False,1,2022,3,Spring,10.9,71.0,5.4,0.0,7.5,67.0,1034.2,14.15,31.0,25.9,2.39,0.9205048534524404,0.3907311284892737
2022-03-27,12.269083333333334,12.269083333333334,False,0,2022,3,Spring,9.6,80.0,6.1,0.0,7.7,75.0,1032.8,11.89,41.0,22.7,1.83,0.9659258262890683,0.25881904510252074
2022-03-28,19.137333333333334,19.137333333333334,False,1,2022,3,Spring,10.1,78.0,6.1,0.0,4.8,144.0,1023.1,12.67,65.0,16.9,1.78,0.5877852522924732,-0.8090169943749473
2022-03-29,30.419708333333332,30.419708333333332,False,1,2022,3,Spring,8.8,80.0,5.4,2.0,6.9,64.0,1013.6,12.34,47.0,23.4,1.75,0.898794046299167,0.43837114678907746
2022-03-30,12.961045454545456,12.961045454545456,False,0,2022,3,Spring,4.7,85.0,2.4,1.8,12.8,47.0,1009.1,4.1,96.0,42.1,0.73,0.7313537016191705,0.6819983600624985
2022-03-31,3.5354,3.5354,False,0,2022,3,Spring,2.8,69.0,-2.7,0.1,17.2,17.0,1014.4,15.27,25.0,51.1,1.82,0.29237170472273677,0.9563047559630354
2022-04-08,5.946375,5.946375,False,0,2022,4,Spring,4.6,75.0,0.0,1.5,8.0,306.0,1001.2,18.21,35.0,34.6,2.17,-0.8090169943749476,0.5877852522924729
2022-04-09,7.595375,7.595375,False,0,2022,4,Spring,4.1,73.0,-0.5,1.4,14.1,288.0,1014.7,17.37,49.0,43.2,2.0,-0.9510565162951536,0.30901699437494723
2022-04-10,9.074375,9.074375,False,0,2022,4,Spring,5.3,72.0,0.0,0.0,7.3,151.0,1018.1,13.67,92.0,26.3,1.97,0.48480962024633717,-0.8746197071393957
2022-04-11,9.903708333333332,9.903708333333332,False,0,2022,4,Spring,10.0,59.0,2.3,4.0,18.1,105.0,1009.9,15.7,100.0,55.8,2.96,0.9659258262890683,-0.25881904510252085
2022-04-12,22.11691666666667,22.11691666666667,False,1,2022,4,Spring,11.5,82.0,8.5,3.4,13.5,122.0,1004.6,7.91,99.0,39.2,1.47,0.8480480961564261,-0.5299192642332048
2022-04-13,11.276625000000001,11.276625000000001,False,0,2022,4,Spring,11.3,85.0,8.7,1.8,9.5,257.0,1013.3,12.3,68.0,32.8,1.79,-0.9743700647852351,-0.22495105434386525
2022-04-14,11.142874999999998,11.142874999999998,False,0,2022,4,Spring,10.3,83.0,7.3,0.0,5.4,162.0,1021.4,13.04,84.0,23.0,1.96,0.3090169943749475,-0.9510565162951535
2022-04-15,10.493375,10.493375,False,0,2022,4,Spring,13.5,76.0,9.0,0.0,10.0,169.0,1025.3,13.81,87.0,33.5,2.39,0.19080899537654497,-0.981627183447664
2022-04-16,15.320416666666667,15.320416666666667,False,1,2022,4,Spring,13.7,78.0,9.5,0.0,11.7,174.0,1028.0,15.94,87.0,38.5,2.77,0.10452846326765373,-0.9945218953682733
2022-04-17,12.97175,12.97175,False,0,2022,4,Spring,14.3,65.0,7.5,0.3,14.7,164.0,1020.7,19.02,98.0,42.5,3.57,0.2756373558169992,-0.9612616959383189
2022-04-18,4.671833333333333,4.671833333333333,False,0,2022,4,Spring,10.5,76.0,6.2,3.0,9.4,244.0,1016.2,13.81,82.0,28.1,2.05,-0.8987940462991668,-0.43837114678907774
2022-04-19,8.165291666666667,8.165291666666667,False,0,2022,4,Spring,9.5,69.0,3.7,0.1,4.9,49.0,1018.5,17.88,55.0,24.5,2.58,0.754709580222772,0.6560590289905073
2022-04-20,9.462541666666667,9.462541666666667,False,0,2022,4,Spring,10.8,65.0,4.2,0.0,12.6,71.0,1018.8,19.61,60.0,33.5,3.17,0.9455185755993167,0.32556815445715676
2022-04-21,12.245304347826087,12.245304347826087,False,0,2022,4,Spring,11.1,61.0,3.7,0.0,18.7,71.0,1015.4,21.21,68.0,42.5,3.7,0.9455185755993167,0.32556815445715676
2022-04-22,11.614583333333334,11.614583333333334,False,0,2022,4,Spring,10.7,68.0,4.5,0.0,23.8,61.0,1012.4,19.57,69.0,67.7,3.36,0.8746197071393957,0.4848096202463371
2022-04-23,15.079625,15.079625,False,1,2022,4,Spring,10.8,71.0,5.6,0.4,27.3,57.0,1009.3,17.79,52.0,64.1,2.95,0.838670567945424,0.5446390350150271
2022-04-24,9.269875,9.269875,False,0,2022,4,Spring,10.5,68.0,4.3,0.0,21.0,55.0,1012.8,19.12,37.0,52.2,3.16,0.8191520442889918,0.5735764363510462
2022-04-25,10.063916666666666,10.063916666666666,False,0,2022,4,Spring,8.8,71.0,3.4,0.4,11.6,61.0,1018.2,13.26,67.0,34.6,2.19,0.8746197071393957,0.4848096202463371
2022-04-26,9.1,9.1,False,0,2022,4,Spring,9.5,71.0,4.1,0.0,10.4,57.0,1023.5,15.3,75.0,35.3,2.45,0.838670567945424,0.5446390350150271
2022-04-27,9.473374999999999,9.473374999999999,False,0,2022,4,Spring,8.2,65.0,1.7,0.0,9.6,62.0,1029.4,16.61,77.0,27.4,2.5,0.8829475928589269,0.46947156278589086
2022-04-28,12.812666666666667,12.812666666666667,False,0,2022,4,Spring,7.8,68.0,2.2,0.4,8.6,70.0,1033.1,11.25,90.0,24.1,1.82,0.9396926207859083,0.3420201433256688
2022-04-29,15.589708333333334,15.589708333333334,False,1,2022,4,Spring,9.3,68.0,2.9,0.0,7.0,67.0,1032.9,21.81,32.0,23.4,3.21,0.9205048534524404,0.3907311284892737
2022-04-30,14.354625,14.354625,False,0,2022,4,Spring,9.9,72.0,4.5,1.1,6.6,237.0,1029.4,18.57,71.0,30.2,2.82,-0.838670567945424,-0.544639035015027
2022-05-01,10.637833333333333,10.637833333333333,False,0,2022,5,Spring,11.1,80.0,7.7,2.4,7.9,187.0,1022.0,7.82,98.0,22.0,1.4,-0.12186934340514731,-0.9925461516413221
2022-05-02,17.665208333333336,17.665208333333336,False,1,2022,5,Spring,12.1,80.0,8.6,0.5,5.3,44.0,1021.5,11.17,75.0,23.4,1.89,0.6946583704589973,0.7193398003386512
2022-05-03,11.656916666666667,11.656916666666667,False,0,2022,5,Spring,11.2,79.0,7.5,2.8,6.8,132.0,1021.6,10.01,100.0,22.3,1.68,0.7431448254773942,-0.6691306063588582
2022-05-04,8.695041666666667,8.695041666666667,False,0,2022,5,Spring,11.2,86.0,8.9,5.9,13.6,264.0,1018.2,7.75,90.0,40.3,1.29,-0.9945218953682734,-0.10452846326765336
2022-05-05,5.339166666666666,5.339166666666666,False,0,2022,5,Spring,12.5,78.0,8.6,0.0,8.8,280.0,1023.4,16.6,71.0,31.3,2.58,-0.9848077530122081,0.17364817766692997
2022-05-06,6.097708333333333,6.097708333333333,False,0,2022,5,Spring,12.6,85.0,10.0,6.0,11.2,234.0,1023.6,9.97,99.0,37.4,1.75,-0.8090169943749473,-0.5877852522924732
2022-05-07,8.560333333333334,8.560333333333334,False,0,2022,5,Spring,12.2,78.0,8.2,0.1,7.8,41.0,1027.0,17.37,65.0,35.3,2.84,0.6560590289905073,0.754709580222772
2022-05-08,10.160083333333334,10.160083333333334,False,0,2022,5,Spring,13.0,74.0,8.2,0.0,9.7,139.0,1028.6,18.94,94.0,29.9,2.97,0.6560590289905073,-0.754709580222772
2022-05-09,7.060791666666667,7.060791666666667,False,0,2022,5,Spring,14.5,65.0,7.8,0.0,18.4,185.0,1019.9,13.56,100.0,52.2,3.24,-0.08715574274765794,-0.9961946980917455
2022-05-10,5.472708333333333,5.472708333333333,False,0,2022,5,Spring,14.5,65.0,7.6,2.3,22.2,231.0,1010.9,21.18,73.0,52.6,3.93,-0.7771459614569706,-0.6293203910498378
2022-05-11,4.9046666666666665,4.9046666666666665,False,0,2022,5,Spring,11.7,76.0,7.5,7.5,16.8,236.0,1007.2,11.92,62.0,48.6,2.12,-0.8290375725550418,-0.5591929034707466
2022-05-12,5.073791666666667,5.073791666666667,False,0,2022,5,Spring,11.2,71.0,5.7,2.2,16.7,246.0,1015.2,14.1,76.0,43.2,2.59,-0.913545457642601,-0.4067366430758001
2022-05-13,9.788708333333334,9.788708333333334,False,0,2022,5,Spring,13.6,68.0,7.4,0.5,19.5,244.0,1016.0,21.06,96.0,54.0,3.69,-0.8987940462991668,-0.43837114678907774
2022-05-14,13.124958333333334,13.124958333333334,False,0,2022,5,Spring,14.1,76.0,9.6,0.1,6.2,203.0,1019.9,21.54,61.0,20.2,3.45,-0.39073112848927355,-0.9205048534524404
2022-05-15,12.715166666666667,12.715166666666667,False,0,2022,5,Spring,16.4,69.0,10.4,0.5,15.9,110.0,1015.6,17.27,97.0,48.6,3.52,0.9396926207859084,-0.3420201433256687
2022-05-16,8.444333333333333,8.444333333333333,False,0,2022,5,Spring,15.5,83.0,12.5,12.6,14.2,129.0,1011.9,15.89,92.0,44.3,2.7,0.777145961456971,-0.6293203910498373
2022-05-17,6.737909090909091,6.737909090909091,False,0,2022,5,Spring,16.5,74.0,11.5,2.0,17.2,175.0,1014.7,19.71,67.0,52.9,3.75,0.0871557427476582,-0.9961946980917455
2022-05-18,6.269791666666666,6.269791666666666,False,0,2022,5,Spring,15.1,70.0,9.3,2.9,17.5,190.0,1016.4,19.74,75.0,45.7,3.66,-0.17364817766693047,-0.984807753012208
2022-05-19,5.3105,5.3105,False,0,2022,5,Spring,13.6,74.0,8.7,0.5,8.8,226.0,1017.3,18.43,82.0,32.0,3.06,-0.7193398003386512,-0.6946583704589973
2022-05-20,6.726666666666667,6.726666666666667,False,0,2022,5,Spring,12.6,76.0,8.4,11.7,11.7,219.0,1015.8,12.62,87.0,41.0,2.16,-0.6293203910498376,-0.7771459614569708
2022-05-21,6.573291666666666,6.573291666666666,False,0,2022,5,Spring,13.0,75.0,8.4,0.4,12.3,247.0,1018.5,12.82,91.0,33.1,2.34,-0.9205048534524403,-0.3907311284892738
2022-05-22,4.309166666666667,4.309166666666667,False,0,2022,5,Spring,14.6,77.0,10.4,1.6,14.4,200.0,1011.5,13.15,97.0,39.6,2.58,-0.34202014332566866,-0.9396926207859084
2022-05-23,3.8265833333333337,3.8265833333333337,False,0,2022,5,Spring,12.4,80.0,8.8,1.4,10.7,258.0,1002.2,14.61,94.0,33.1,2.32,-0.9781476007338056,-0.2079116908177598
2022-05-24,3.245791666666667,3.245791666666667,False,0,2022,5,Spring,11.4,76.0,7.0,1.2,15.1,275.0,1004.3,21.62,60.0,47.5,2.94,-0.9961946980917455,0.08715574274765789
2022-05-25,3.5997083333333335,3.5997083333333335,False,0,2022,5,Spring,12.8,75.0,8.5,1.9,20.2,243.0,1009.1,10.12,91.0,60.1,2.15,-0.8910065241883678,-0.4539904997395469
2022-05-26,4.523333333333333,4.523333333333333,False,0,2022,5,Spring,13.5,79.0,9.8,3.7,18.8,251.0,1017.3,8.09,78.0,58.0,1.76,-0.9455185755993168,-0.32556815445715664
2022-05-27,7.695583333333334,7.695583333333334,False,0,2022,5,Spring,11.5,67.0,5.4,1.0,19.8,286.0,1024.5,13.83,89.0,50.4,2.69,-0.9612616959383188,0.2756373558169994
2022-05-28,5.092291666666667,5.092291666666667,False,0,2022,5,Spring,11.8,72.0,6.6,0.5,9.3,324.0,1026.0,20.09,53.0,32.0,3.14,-0.5877852522924734,0.8090169943749473
2022-05-29,4.157791666666667,4.157791666666667,False,0,2022,5,Spring,11.0,66.0,4.7,0.8,7.3,41.0,1020.9,20.3,76.0,27.4,3.07,0.6560590289905073,0.754709580222772
2022-05-30,5.396041666666666,5.396041666666666,False,0,2022,5,Spring,9.6,80.0,6.2,1.5,9.6,236.0,1012.5,10.93,97.0,29.9,1.66,-0.8290375725550418,-0.5591929034707466
2022-05-31,5.973041666666667,5.973041666666667,False,0,2022,5,Spring,10.6,79.0,7.0,7.2,8.9,280.0,1011.4,17.91,81.0,38.2,2.54,-0.9848077530122081,0.17364817766692997
2022-06-01,6.8709999999999996,6.8709999999999996,False,0,2022,6,Summer,11.7,76.0,7.2,0.6,5.4,286.0,1016.7,21.88,43.0,20.9,3.26,-0.9612616959383188,0.2756373558169994
2022-06-02,8.984791666666666,8.984791666666666,False,0,2022,6,Summer,13.4,70.0,7.3,0.2,6.0,154.0,1019.9,20.03,79.0,22.7,3.45,0.4383711467890773,-0.898794046299167
2022-06-03,9.114666666666666,9.114666666666666,False,0,2022,6,Summer,14.4,69.0,8.6,0.9,16.2,70.0,1020.1,19.82,63.0,41.4,3.58,0.9396926207859083,0.3420201433256688
2022-06-04,8.137875,8.137875,False,0,2022,6,Summer,12.5,71.0,7.3,0.0,20.9,68.0,1023.7,23.17,83.0,49.0,3.6,0.9271838545667874,0.37460659341591196
2022-06-05,7.892166666666667,7.892166666666667,False,0,2022,6,Summer,11.0,82.0,8.1,7.4,14.1,60.0,1018.5,6.29,100.0,33.8,1.37,0.8660254037844386,0.5000000000000001
2022-06-06,7.020458333333334,7.020458333333334,False,0,2022,6,Summer,12.0,84.0,9.3,1.8,5.7,331.0,1015.0,10.21,100.0,21.2,1.74,-0.4848096202463369,0.8746197071393959
2022-06-07,10.495291666666667,10.495291666666667,False,0,2022,6,Summer,15.0,78.0,10.7,2.7,5.4,148.0,1010.9,20.12,87.0,22.0,3.4,0.5299192642332049,-0.848048096156426
2022-06-08,4.373083333333333,4.373083333333333,False,0,2022,6,Summer,15.2,81.0,11.8,15.9,15.0,232.0,1003.4,18.57,65.0,42.8,2.91,-0.7880107536067221,-0.6156614753256581
2022-06-09,7.112791666666666,7.112791666666666,False,0,2022,6,Summer,14.2,78.0,10.4,1.1,14.7,209.0,1011.8,12.75,77.0,39.2,2.32,-0.48480962024633695,-0.8746197071393959
2022-06-10,9.589333333333334,9.589333333333334,False,0,2022,6,Summer,16.0,68.0,9.7,0.1,20.4,217.0,1014.5,24.06,41.0,52.9,4.41,-0.6018150231520484,-0.7986355100472928
2022-06-11,7.519666666666667,7.519666666666667,False,0,2022,6,Summer,15.3,68.0,9.1,0.7,22.6,229.0,1017.5,23.71,26.0,56.5,4.19,-0.754709580222772,-0.6560590289905073
2022-06-12,6.757124999999999,6.757124999999999,False,0,2022,6,Summer,13.7,71.0,8.3,1.8,20.7,266.0,1021.8,19.32,61.0,54.7,3.32,-0.9975640502598242,-0.06975647374412558
2022-06-13,5.119916666666667,5.119916666666667,False,0,2022,6,Summer,13.2,72.0,8.1,0.9,12.9,282.0,1024.1,14.54,88.0,33.1,2.59,-0.9781476007338056,0.20791169081775943
2022-06-14,6.3797500000000005,6.3797500000000005,False,0,2022,6,Summer,13.9,68.0,7.7,0.0,5.1,312.0,1021.4,22.48,48.0,22.7,3.59,-0.7431448254773946,0.6691306063588578
2022-06-15,8.789291666666665,8.789291666666665,False,0,2022,6,Summer,14.9,75.0,10.0,0.0,6.7,316.0,1019.0,17.82,78.0,22.3,3.16,-0.6946583704589976,0.7193398003386509
2022-06-16,6.737416666666667,6.737416666666667,False,0,2022,6,Summer,17.1,67.0,10.5,0.0,5.1,204.0,1021.4,26.61,79.0,20.9,4.65,-0.4067366430758002,-0.9135454576426009
2022-06-17,7.083416666666667,7.083416666666667,False,0,2022,6,Summer,20.1,62.0,12.2,0.1,14.2,239.0,1017.6,25.17,90.0,45.4,5.24,-0.8571673007021121,-0.5150380749100545
2022-06-18,7.309375,7.309375,False,0,2022,6,Summer,14.3,67.0,8.1,0.4,11.6,302.0,1019.9,16.74,86.0,37.8,3.05,-0.8480480961564262,0.5299192642332047
2022-06-19,7.6504166666666675,7.6504166666666675,False,0,2022,6,Summer,13.7,70.0,8.0,0.5,11.5,314.0,1016.3,15.71,85.0,39.2,2.88,-0.7193398003386512,0.6946583704589973
2022-06-20,5.208291666666667,5.208291666666667,False,0,2022,6,Summer,14.3,68.0,8.0,0.0,8.6,338.0,1019.7,27.31,48.0,28.8,4.36,-0.37460659341591235,0.9271838545667873
2022-06-21,6.705958333333334,6.705958333333334,False,0,2022,6,Summer,16.1,68.0,9.7,0.0,6.5,283.0,1015.0,27.81,43.0,28.1,4.76,-0.9743700647852352,0.22495105434386492
2022-06-22,5.569041666666667,5.569041666666667,False,0,2022,6,Summer,17.2,76.0,12.5,0.0,6.3,303.0,1014.5,26.14,44.0,32.0,4.47,-0.8386705679454243,0.5446390350150266
2022-06-23,7.5295,7.5295,False,0,2022,6,Summer,19.1,70.0,12.9,4.2,6.8,170.0,1009.5,23.34,34.0,34.6,4.55,0.17364817766693028,-0.984807753012208
2022-06-24,10.176,10.176,False,0,2022,6,Summer,18.0,74.0,13.2,1.2,12.9,177.0,1001.5,19.54,83.0,44.6,3.76,0.05233595624294381,-0.9986295347545738
2022-06-25,4.443833333333333,4.443833333333333,False,0,2022,6,Summer,15.9,59.0,7.6,1.3,22.8,184.0,1003.0,26.0,29.0,58.3,4.96,-0.06975647374412527,-0.9975640502598242
2022-06-26,5.574833333333333,5.574833333333333,False,0,2022,6,Summer,15.8,56.0,6.6,0.1,25.6,186.0,1006.9,20.83,47.0,63.0,4.86,-0.1045284632676535,-0.9945218953682733
2022-06-27,4.19925,4.19925,False,0,2022,6,Summer,13.9,70.0,8.1,5.9,15.1,222.0,1012.8,14.34,72.0,35.6,2.83,-0.6691306063588582,-0.7431448254773942
2022-06-28,5.463791666666666,5.463791666666666,False,0,2022,6,Summer,15.0,68.0,9.0,2.9,21.5,176.0,1013.5,11.27,94.0,56.9,3.0,0.06975647374412552,-0.9975640502598242
2022-06-29,4.848708333333334,4.848708333333334,False,0,2022,6,Summer,16.3,75.0,11.5,4.5,15.0,182.0,1009.4,19.62,92.0,41.0,3.53,-0.0348994967025009,-0.9993908270190958
2022-06-30,4.0183333333333335,4.0183333333333335,False,0,2022,6,Summer,15.0,78.0,10.7,2.5,6.3,218.0,1010.2,22.29,81.0,28.1,3.56,-0.6156614753256582,-0.788010753606722
2022-07-01,5.652541666666667,5.652541666666667,False,0,2022,7,Summer,14.3,79.0,10.5,11.2,10.6,227.0,1013.6,14.76,95.0,34.9,2.72,-0.7313537016191705,-0.6819983600624986
2022-07-02,4.002583333333333,4.002583333333333,False,0,2022,7,Summer,15.0,72.0,9.8,12.0,15.7,224.0,1014.6,19.43,63.0,42.8,3.45,-0.6946583704589974,-0.7193398003386511
2022-07-03,3.6360833333333336,3.6360833333333336,False,0,2022,7,Summer,13.4,80.0,9.9,2.6,12.0,262.0,1018.5,15.4,67.0,38.5,2.46,-0.9902680687415703,-0.13917310096006583
2022-07-04,3.984,3.984,False,0,2022,7,Summer,14.4,72.0,9.3,3.1,18.8,266.0,1020.3,16.1,98.0,54.4,2.99,-0.9975640502598242,-0.06975647374412558
2022-07-05,4.431958333333333,4.431958333333333,False,0,2022,7,Summer,15.0,72.0,9.8,1.0,15.4,289.0,1024.7,17.68,78.0,43.2,3.21,-0.945518575599317,0.3255681544571563
2022-07-06,4.552791666666667,4.552791666666667,False,0,2022,7,Summer,16.2,82.0,13.2,2.1,19.6,274.0,1026.0,7.07,100.0,52.6,1.81,-0.9975640502598243,0.06975647374412522
2022-07-07,4.073291666666667,4.073291666666667,False,0,2022,7,Summer,16.6,74.0,12.0,0.0,14.1,302.0,1029.6,18.5,100.0,41.0,3.42,-0.8480480961564262,0.5299192642332047
2022-07-08,5.324333333333334,5.324333333333334,False,0,2022,7,Summer,17.2,79.0,13.3,0.2,12.0,287.0,1032.8,18.22,89.0,38.2,3.19,-0.9563047559630354,0.2923717047227367
2022-07-09,4.053625,4.053625,False,0,2022,7,Summer,16.9,73.0,11.9,0.1,12.5,297.0,1031.5,25.37,57.0,34.9,4.17,-0.891006524188368,0.45399049973954664
2022-07-10,2.7899166666666666,2.7899166666666666,False,0,2022,7,Summer,18.2,77.0,13.4,0.0,5.9,284.0,1027.6,27.19,43.0,25.2,4.79,-0.9702957262759966,0.24192189559966745
2022-07-11,5.014666666666667,5.014666666666667,False,0,2022,7,Summer,21.0,67.0,13.6,0.0,5.5,192.0,1022.4,22.36,82.0,26.3,4.67,-0.2079116908177595,-0.9781476007338056
2022-07-12,5.598416666666666,5.598416666666666,False,0,2022,7,Summer,21.2,64.0,13.7,0.0,9.5,232.0,1020.8,14.84,82.0,38.2,3.54,-0.7880107536067221,-0.6156614753256581
2022-07-13,5.596583333333334,5.596583333333334,False,0,2022,7,Summer,16.8,66.0,10.0,0.0,13.1,298.0,1023.0,24.34,68.0,36.0,4.3,-0.8829475928589271,0.4694715627858904
2022-07-14,4.894,4.894,False,0,2022,7,Summer,15.1,71.0,9.5,0.4,12.4,297.0,1024.2,19.97,65.0,42.5,3.52,-0.891006524188368,0.45399049973954664
2022-07-15,5.216291666666667,5.216291666666667,False,0,2022,7,Summer,14.9,78.0,11.0,1.6,12.7,270.0,1023.9,13.5,66.0,49.3,2.52,-1.0,-1.8369701987210297e-16
2022-07-16,6.844666666666666,6.844666666666666,False,0,2022,7,Summer,16.9,71.0,11.0,0.0,6.0,284.0,1025.3,26.58,61.0,23.4,4.52,-0.9702957262759966,0.24192189559966745
2022-07-17,9.327,9.327,False,0,2022,7,Summer,22.2,56.0,11.8,1.3,10.0,182.0,1023.0,21.98,99.0,36.4,5.42,-0.0348994967025009,-0.9993908270190958
2022-07-18,7.469541666666667,7.469541666666667,False,0,2022,7,Summer,25.2,42.0,10.3,0.0,7.6,167.0,1017.8,26.37,57.0,21.6,6.21,0.2249510543438652,-0.9743700647852351
2022-07-19,13.947666666666665,13.947666666666665,False,0,2022,7,Summer,27.0,46.0,13.5,0.1,10.4,130.0,1011.0,22.63,67.0,55.4,6.27,0.766044443118978,-0.6427876096865394
2022-07-20,8.598666666666666,8.598666666666666,False,0,2022,7,Summer,19.7,69.0,13.6,1.1,14.0,287.0,1014.8,22.05,55.0,41.8,4.26,-0.9563047559630354,0.2923717047227367
2022-07-21,7.648541666666667,7.648541666666667,False,0,2022,7,Summer,16.4,81.0,13.0,4.7,5.9,279.0,1022.6,6.58,100.0,21.2,1.42,-0.9876883405951378,0.15643446504023067
2022-07-22,6.885916666666667,6.885916666666667,False,0,2022,7,Summer,16.4,84.0,13.7,9.0,9.1,103.0,1020.4,7.29,97.0,27.4,1.54,0.9743700647852352,-0.22495105434386503
2022-07-23,8.542708333333334,8.542708333333334,False,0,2022,7,Summer,17.6,78.0,13.5,1.1,12.5,185.0,1016.1,11.68,97.0,44.3,2.62,-0.08715574274765794,-0.9961946980917455
2022-07-24,4.568666666666666,4.568666666666666,False,0,2022,7,Summer,19.8,80.0,16.1,4.0,24.0,200.0,1008.7,12.69,94.0,61.6,2.88,-0.34202014332566866,-0.9396926207859084
2022-07-25,5.236791666666667,5.236791666666667,False,0,2022,7,Summer,16.4,81.0,13.2,5.4,19.5,259.0,1008.2,10.71,86.0,52.6,2.22,-0.981627183447664,-0.1908089953765446
2022-07-26,4.5272499999999996,4.5272499999999996,False,0,2022,7,Summer,15.1,76.0,10.7,3.5,9.7,279.0,1019.7,14.82,86.0,31.7,2.65,-0.9876883405951378,0.15643446504023067
2022-07-27,6.950666666666667,6.950666666666667,False,0,2022,7,Summer,15.5,71.0,9.8,0.8,5.1,186.0,1020.2,20.18,68.0,22.3,3.49,-0.1045284632676535,-0.9945218953682733
2022-07-28,6.977291666666667,6.977291666666667,False,0,2022,7,Summer,16.6,75.0,11.9,3.0,10.2,115.0,1017.7,6.61,99.0,28.8,1.85,0.90630778703665,-0.42261826174069933
2022-07-29,8.290125,8.290125,False,0,2022,7,Summer,17.3,74.0,12.5,8.4,7.7,134.0,1018.6,13.63,90.0,25.6,2.62,0.7193398003386511,-0.6946583704589974
2022-07-30,5.934583333333333,5.934583333333333,False,0,2022,7,Summer,18.2,81.0,14.9,5.5,12.1,222.0,1016.0,8.02,100.0,36.4,1.86,-0.6691306063588582,-0.7431448254773942
2022-07-31,3.327458333333333,3.327458333333333,False,0,2022,7,Summer,17.4,84.0,14.5,4.4,12.1,261.0,1015.3,14.02,87.0,37.8,2.41,-0.9876883405951377,-0.15643446504023104
2022-08-01,4.668958333333333,4.668958333333333,False,0,2022,8,Summer,16.3,75.0,11.5,3.9,9.0,197.0,1017.5,16.78,83.0,30.2,3.19,-0.29237170472273677,-0.9563047559630354
2022-08-02,2.7212083333333332,2.7212083333333332,False,0,2022,8,Summer,20.8,82.0,17.5,6.4,22.4,217.0,1010.2,14.04,92.0,56.2,3.04,-0.6018150231520484,-0.7986355100472928
2022-08-03,4.6819999999999995,4.6819999999999995,False,0,2022,8,Summer,19.4,73.0,14.2,0.8,17.8,243.0,1010.3,19.97,72.0,44.6,3.81,-0.8910065241883678,-0.4539904997395469
2022-08-04,4.470416666666667,4.470416666666667,False,0,2022,8,Summer,15.5,72.0,10.2,1.6,15.2,286.0,1016.0,21.28,62.0,45.0,3.45,-0.9612616959383188,0.2756373558169994
2022-08-05,5.655541666666667,5.655541666666667,False,0,2022,8,Summer,13.7,72.0,8.5,1.6,12.5,283.0,1023.1,21.68,51.0,40.3,3.27,-0.9743700647852352,0.22495105434386492
2022-08-06,7.934375,7.934375,False,0,2022,8,Summer,14.3,73.0,9.3,0.4,8.5,265.0,1028.9,20.11,63.0,32.0,3.26,-0.9961946980917455,-0.08715574274765825
2022-08-07,5.407875,5.407875,False,0,2022,8,Summer,15.5,77.0,11.3,0.0,10.5,266.0,1026.9,22.59,52.0,37.1,3.61,-0.9975640502598242,-0.06975647374412558
2022-08-08,7.179708333333333,7.179708333333333,False,0,2022,8,Summer,16.9,80.0,13.0,0.0,4.8,324.0,1027.9,18.22,45.0,24.5,3.22,-0.5877852522924734,0.8090169943749473
2022-08-09,6.986083333333333,6.986083333333333,False,0,2022,8,Summer,16.9,70.0,10.4,0.0,3.8,6.0,1029.5,24.17,60.0,13.7,4.11,0.10452846326765347,0.9945218953682733
2022-08-10,10.347875,10.347875,False,0,2022,8,Summer,20.4,65.0,13.0,0.0,4.7,96.0,1026.2,23.98,8.0,17.3,4.41,0.9945218953682733,-0.10452846326765355
2022-08-11,10.306666666666667,10.306666666666667,False,0,2022,8,Summer,21.8,64.0,14.0,0.0,4.6,45.0,1022.6,23.91,0.0,14.8,4.57,0.7071067811865475,0.7071067811865476
2022-08-12,8.467,8.467,False,0,2022,8,Summer,22.8,56.0,12.7,0.0,8.8,78.0,1019.9,24.06,0.0,28.1,5.29,0.9781476007338056,0.20791169081775945
2022-08-13,10.463791666666667,10.463791666666667,False,0,2022,8,Summer,23.1,55.0,13.1,0.0,11.2,74.0,1015.7,23.11,35.0,31.7,5.41,0.9612616959383189,0.27563735581699916
2022-08-14,11.537999999999998,11.537999999999998,False,0,2022,8,Summer,24.1,50.0,12.2,0.0,8.4,89.0,1007.6,20.9,55.0,29.2,5.0,0.9998476951563913,0.0174524064372836
2022-08-15,11.673583333333333,11.673583333333333,False,0,2022,8,Summer,19.8,72.0,14.4,2.3,6.4,314.0,1002.9,12.15,63.0,28.4,2.5,-0.7193398003386512,0.6946583704589973
2022-08-16,8.602625,8.602625,False,0,2022,8,Summer,17.7,80.0,13.9,11.0,8.9,321.0,1008.1,14.08,80.0,30.6,2.75,-0.6293203910498378,0.7771459614569706
2022-08-17,5.387043478260869,5.387043478260869,False,0,2022,8,Summer,16.4,75.0,11.8,5.5,17.6,55.0,1015.1,11.94,95.0,43.6,2.56,0.8191520442889918,0.5735764363510462
2022-08-18,6.523208333333333,6.523208333333333,False,0,2022,8,Summer,17.9,76.0,13.5,2.0,13.9,194.0,1012.6,10.86,100.0,42.8,2.51,-0.2419218955996675,-0.9702957262759965
2022-08-19,6.254041666666667,6.254041666666667,False,0,2022,8,Summer,16.9,68.0,10.7,0.7,13.0,247.0,1013.0,15.72,57.0,36.0,3.1,-0.9205048534524403,-0.3907311284892738
2022-08-20,7.034166666666667,7.034166666666667,False,0,2022,8,Summer,17.1,69.0,11.1,0.2,18.7,221.0,1013.7,16.69,53.0,54.7,3.64,-0.656059028990507,-0.7547095802227721
2022-08-21,5.3755,5.3755,False,0,2022,8,Summer,16.9,72.0,11.4,1.7,9.9,263.0,1014.2,15.47,89.0,36.7,2.95,-0.9925461516413221,-0.12186934340514717
2022-08-22,6.217583333333334,6.217583333333334,False,0,2022,8,Summer,17.7,81.0,14.2,15.6,8.4,166.0,1012.0,10.24,81.0,33.5,2.02,0.24192189559966773,-0.9702957262759965
2022-08-23,5.874863636363637,5.874863636363637,False,0,2022,8,Summer,18.6,86.0,16.0,2.3,8.4,194.0,1011.8,13.17,99.0,30.6,2.4,-0.2419218955996675,-0.9702957262759965
2022-08-24,4.474291666666667,4.474291666666667,False,0,2022,8,Summer,18.7,81.0,15.4,3.6,11.0,213.0,1014.5,11.98,93.0,42.8,2.22,-0.5446390350150271,-0.838670567945424
2022-08-25,6.278583333333334,6.278583333333334,False,0,2022,8,Summer,16.7,77.0,12.4,0.5,7.0,315.0,1018.7,14.86,63.0,28.1,2.62,-0.7071067811865477,0.7071067811865474
2022-08-26,6.903583333333334,6.903583333333334,False,0,2022,8,Summer,15.4,75.0,10.7,0.0,4.1,262.0,1019.3,12.27,72.0,15.5,2.26,-0.9902680687415703,-0.13917310096006583
2022-08-27,11.452416666666666,11.452416666666666,False,0,2022,8,Summer,17.2,74.0,12.2,1.1,4.0,224.0,1020.1,17.23,38.0,18.4,2.95,-0.6946583704589974,-0.7193398003386511
2022-08-28,7.403833333333334,7.403833333333334,False,0,2022,8,Summer,18.1,70.0,12.2,0.0,5.4,65.0,1022.6,15.09,95.0,25.9,2.91,0.9063077870366499,0.42261826174069944
2022-08-29,6.3925833333333335,6.3925833333333335,False,0,2022,8,Summer,16.8,75.0,12.2,0.0,13.4,66.0,1025.1,10.29,79.0,34.2,2.22,0.9135454576426009,0.4067366430758002
2022-08-30,5.699791666666666,5.699791666666666,False,0,2022,8,Summer,15.4,68.0,9.0,0.0,11.6,48.0,1026.6,13.8,78.0,31.7,2.9,0.7431448254773942,0.6691306063588582
2022-08-31,7.2672083333333335,7.2672083333333335,False,0,2022,8,Summer,16.4,69.0,10.3,0.0,15.2,64.0,1027.2,16.9,37.0,38.9,3.39,0.898794046299167,0.43837114678907746
2022-09-01,7.5865,7.5865,False,0,2022,9,Autumn,17.3,70.0,11.3,0.0,16.1,69.0,1022.9,16.6,57.0,42.1,3.39,0.9335804264972017,0.3583679495453004
2022-09-02,10.401041666666666,10.401041666666666,False,0,2022,9,Autumn,17.7,73.0,12.4,0.1,12.0,81.0,1014.4,15.72,52.0,28.1,3.08,0.9876883405951378,0.15643446504023092
2022-09-03,15.574875,15.574875,False,1,2022,9,Autumn,18.9,72.0,13.6,1.6,12.8,133.0,1007.8,10.81,100.0,37.8,2.64,0.7313537016191706,-0.6819983600624984
2022-09-04,7.613125,7.613125,False,0,2022,9,Autumn,19.3,71.0,13.7,4.0,17.1,143.0,1011.8,10.78,100.0,46.1,2.94,0.6018150231520482,-0.7986355100472929
2022-09-05,5.217291666666667,5.217291666666667,False,0,2022,9,Autumn,19.0,73.0,13.7,2.0,16.5,149.0,1013.6,15.11,82.0,43.6,3.29,0.5150380749100544,-0.8571673007021122
2022-09-06,6.345291666666667,6.345291666666667,False,0,2022,9,Autumn,16.8,81.0,13.3,5.1,12.9,141.0,1009.8,11.33,93.0,42.8,2.16,0.6293203910498374,-0.7771459614569709
2022-09-07,6.362166666666667,6.362166666666667,False,0,2022,9,Autumn,17.0,75.0,12.2,0.5,13.7,156.0,1005.7,14.62,75.0,40.0,2.81,0.40673664307580043,-0.9135454576426008
2022-09-08,8.359958333333333,8.359958333333333,False,0,2022,9,Autumn,16.2,79.0,12.5,2.8,10.7,87.0,1003.1,12.03,86.0,26.3,2.17,0.9986295347545738,0.052335956242943966
2022-09-09,7.436208333333333,7.436208333333333,False,0,2022,9,Autumn,15.4,87.0,13.0,5.6,7.4,350.0,1006.4,11.96,69.0,29.5,1.93,-0.1736481776669304,0.984807753012208
2022-09-10,5.6585,5.6585,False,0,2022,9,Autumn,16.2,80.0,12.7,0.8,9.2,11.0,1016.1,12.37,61.0,27.0,2.14,0.1908089953765448,0.981627183447664
2022-09-11,8.095625,8.095625,False,0,2022,9,Autumn,16.1,82.0,12.7,2.1,9.7,151.0,1016.9,12.0,90.0,37.1,2.22,0.48480962024633717,-0.8746197071393957
2022-09-12,5.337083333333333,5.337083333333333,False,0,2022,9,Autumn,17.0,90.0,15.3,12.6,13.6,223.0,1010.7,5.1,92.0,32.8,1.07,-0.6819983600624984,-0.7313537016191706
2022-09-13,6.976375,6.976375,False,0,2022,9,Autumn,13.4,83.0,10.3,0.0,5.3,337.0,1012.1,15.12,58.0,18.0,2.26,-0.3907311284892739,0.9205048534524403
2022-09-14,6.967416666666666,6.967416666666666,False,0,2022,9,Autumn,13.1,83.0,10.1,0.1,8.1,307.0,1009.2,11.08,78.0,31.0,1.81,-0.798635510047293,0.6018150231520479
2022-09-15,4.979333333333334,4.979333333333334,False,0,2022,9,Autumn,13.5,72.0,8.3,0.4,8.8,319.0,1013.4,11.64,70.0,32.8,2.06,-0.6560590289905074,0.7547095802227719
2022-09-16,5.457999999999999,5.457999999999999,False,0,2022,9,Autumn,10.6,71.0,5.1,0.2,11.1,342.0,1019.3,15.25,26.0,38.5,2.33,-0.3090169943749476,0.9510565162951535
2022-09-17,5.578833333333333,5.578833333333333,False,0,2022,9,Autumn,10.7,67.0,4.7,0.0,9.8,316.0,1023.0,14.79,48.0,38.5,2.37,-0.6946583704589976,0.7193398003386509
2022-09-18,3.7224583333333334,3.7224583333333334,False,0,2022,9,Autumn,11.9,82.0,8.9,0.5,11.7,306.0,1021.6,7.07,97.0,43.9,1.34,-0.8090169943749476,0.5877852522924729
2022-09-19,5.366666666666667,5.366666666666667,False,0,2022,9,Autumn,12.5,81.0,9.1,0.5,6.5,20.0,1024.4,12.02,56.0,23.8,1.89,0.3420201433256687,0.9396926207859084
2022-09-20,10.824541666666667,10.824541666666667,False,0,2022,9,Autumn,12.8,87.0,10.4,0.2,4.3,151.0,1026.1,7.6,81.0,16.2,1.32,0.48480962024633717,-0.8746197071393957
2022-09-21,9.723833333333333,9.723833333333333,False,0,2022,9,Autumn,14.0,77.0,9.9,0.2,8.9,194.0,1024.2,10.21,81.0,29.5,1.89,-0.2419218955996675,-0.9702957262759965
2022-09-22,12.850875,12.850875,False,0,2022,9,Autumn,13.8,85.0,11.2,6.6,13.7,196.0,1017.6,5.26,91.0,42.8,1.16,-0.275637355816999,-0.9612616959383189
2022-09-23,8.067041666666666,8.067041666666666,False,0,2022,9,Autumn,12.6,84.0,9.7,0.1,7.0,318.0,1016.5,12.83,42.0,27.7,1.97,-0.6691306063588581,0.7431448254773942
2022-09-24,8.199833333333332,8.199833333333332,False,0,2022,9,Autumn,11.2,78.0,7.3,0.4,8.4,27.0,1019.4,13.13,28.0,36.4,1.91,0.45399049973954675,0.8910065241883679
2022-09-25,7.351708333333334,7.351708333333334,False,0,2022,9,Autumn,10.0,84.0,7.2,1.8,11.8,249.0,1018.2,7.75,89.0,45.0,1.39,-0.9335804264972016,-0.3583679495453007
2022-09-26,6.2913749999999995,6.2913749999999995,False,0,2022,9,Autumn,12.0,76.0,7.7,2.8,20.5,300.0,1002.4,10.04,52.0,49.7,1.91,-0.8660254037844386,0.5000000000000001
2022-09-27,6.039791666666667,6.039791666666667,False,0,2022,9,Autumn,9.5,77.0,5.6,0.8,14.8,298.0,1000.8,10.5,48.0,49.3,1.63,-0.8829475928589271,0.4694715627858904
2022-09-28,6.736458333333334,6.736458333333334,False,0,2022,9,Autumn,9.5,78.0,5.6,3.9,8.5,317.0,1000.6,11.27,38.0,29.5,1.62,-0.6819983600624983,0.7313537016191707
2022-09-29,9.009416666666667,9.009416666666667,False,0,2022,9,Autumn,12.1,81.0,8.7,0.1,12.9,29.0,1004.7,11.1,35.0,38.5,1.72,0.48480962024633706,0.8746197071393957
2022-09-30,10.045333333333334,10.045333333333334,False,0,2022,9,Autumn,10.6,90.0,9.0,20.1,18.7,192.0,1001.2,2.33,85.0,76.0,0.65,-0.2079116908177595,-0.9781476007338056
2022-10-01,7.012625,7.012625,False,0,2022,10,Autumn,13.1,80.0,9.5,5.8,19.6,259.0,1003.5,10.38,56.0,56.9,1.82,-0.981627183447664,-0.1908089953765446
2022-10-02,7.9245833333333335,7.9245833333333335,False,0,2022,10,Autumn,12.8,77.0,8.9,0.2,12.2,277.0,1019.4,9.18,78.0,34.9,1.66,-0.992546151641322,0.12186934340514768
2022-10-03,7.566916666666667,7.566916666666667,False,0,2022,10,Autumn,12.1,83.0,9.2,0.2,10.2,176.0,1023.6,7.69,99.0,31.7,1.41,0.06975647374412552,-0.9975640502598242
2022-10-04,2.780125,2.780125,False,0,2022,10,Autumn,15.1,87.0,13.0,8.0,20.1,191.0,1011.6,3.04,97.0,44.3,0.95,-0.19080899537654472,-0.981627183447664
2022-10-05,3.4620416666666665,3.4620416666666665,False,0,2022,10,Autumn,14.1,81.0,10.8,14.3,23.4,225.0,1006.2,2.52,80.0,60.5,1.2,-0.7071067811865475,-0.7071067811865477
2022-10-06,6.567458333333334,6.567458333333334,False,0,2022,10,Autumn,13.5,74.0,8.9,1.9,23.3,227.0,1021.2,8.97,50.0,54.4,2.12,-0.7313537016191705,-0.6819983600624986
2022-10-07,6.479958333333333,6.479958333333333,False,0,2022,10,Autumn,13.0,78.0,9.3,7.6,21.4,229.0,1014.8,3.45,72.0,58.0,1.32,-0.754709580222772,-0.6560590289905073
2022-10-08,8.735375,8.735375,False,0,2022,10,Autumn,10.7,76.0,6.5,0.0,11.3,265.0,1020.9,9.09,45.0,35.6,1.52,-0.9961946980917455,-0.08715574274765825
2022-10-09,7.347833333333333,7.347833333333333,False,0,2022,10,Autumn,11.5,78.0,7.7,6.5,17.6,181.0,1014.6,8.37,66.0,53.6,1.66,-0.017452406437283637,-0.9998476951563913
2022-10-10,9.017458333333334,9.017458333333334,False,0,2022,10,Autumn,10.6,77.0,6.7,4.7,14.0,289.0,1017.5,9.54,50.0,44.3,1.5,-0.945518575599317,0.3255681544571563
2022-10-11,9.070291666666668,9.070291666666668,False,0,2022,10,Autumn,10.0,79.0,6.4,0.1,8.0,189.0,1025.4,6.06,88.0,26.6,1.1,-0.15643446504023073,-0.9876883405951378
2022-10-12,11.846541666666667,11.846541666666667,False,0,2022,10,Autumn,11.4,82.0,8.4,3.5,14.9,190.0,1017.9,2.83,95.0,38.2,0.92,-0.17364817766693047,-0.984807753012208
2022-10-13,11.945833333333333,11.945833333333333,False,0,2022,10,Autumn,10.5,86.0,8.1,0.0,6.0,185.0,1015.5,9.32,55.0,22.7,1.29,-0.08715574274765794,-0.9961946980917455
2022-10-14,7.507833333333333,7.507833333333333,False,0,2022,10,Autumn,11.8,88.0,9.8,2.5,10.2,213.0,1007.8,4.42,85.0,30.2,0.81,-0.5446390350150271,-0.838670567945424
2022-10-15,6.301125,6.301125,False,0,2022,10,Autumn,11.2,80.0,7.7,7.7,18.7,198.0,998.9,7.09,73.0,48.6,1.45,-0.3090169943749473,-0.9510565162951536
2022-10-16,5.746916666666667,5.746916666666667,False,0,2022,10,Autumn,11.0,71.0,5.8,8.4,17.4,185.0,1005.9,7.96,70.0,55.4,1.75,-0.08715574274765794,-0.9961946980917455
2022-10-17,5.9955,5.9955,False,0,2022,10,Autumn,13.5,75.0,8.9,0.2,19.1,200.0,1012.8,9.35,42.0,52.9,1.93,-0.34202014332566866,-0.9396926207859084
2022-10-18,11.107666666666667,11.107666666666667,False,0,2022,10,Autumn,10.3,86.0,7.9,0.0,7.3,94.0,1027.3,9.36,40.0,30.2,1.31,0.9975640502598242,-0.06975647374412533
2022-10-19,6.788541666666667,6.788541666666667,False,0,2022,10,Autumn,11.6,78.0,7.7,8.5,24.4,83.0,1021.3,5.14,98.0,62.6,1.5,0.992546151641322,0.12186934340514749
2022-10-20,12.03952380952381,12.03952380952381,False,0,2022,10,Autumn,12.7,92.0,11.5,6.4,11.2,103.0,1006.4,2.05,94.0,53.6,0.48,0.9743700647852352,-0.22495105434386503
2022-10-21,6.991863636363636,6.991863636363636,False,0,2022,10,Autumn,13.5,87.0,11.3,9.1,15.4,143.0,998.3,5.77,87.0,46.1,1.06,0.6018150231520482,-0.7986355100472929
2022-10-22,9.082291666666666,9.082291666666666,False,0,2022,10,Autumn,13.8,83.0,11.0,3.0,16.8,191.0,1004.7,7.02,73.0,41.0,1.24,-0.19080899537654472,-0.981627183447664
2022-10-23,8.182041666666667,8.182041666666667,False,0,2022,10,Autumn,13.4,90.0,11.8,6.9,11.5,125.0,1000.4,2.71,91.0,33.5,0.58,0.8191520442889917,-0.5735764363510462
2022-10-24,7.756541666666667,7.756541666666667,False,0,2022,10,Autumn,12.4,89.0,10.5,8.6,13.3,222.0,998.5,4.58,88.0,43.6,0.81,-0.6691306063588582,-0.7431448254773942
2022-10-25,5.09225,5.09225,False,0,2022,10,Autumn,12.6,85.0,10.0,0.3,15.0,173.0,1007.7,5.88,92.0,41.0,1.08,0.12186934340514755,-0.992546151641322
2022-10-26,8.519166666666667,8.519166666666667,False,0,2022,10,Autumn,15.1,77.0,11.1,2.8,24.0,181.0,1005.5,6.12,62.0,53.6,1.73,-0.017452406437283637,-0.9998476951563913
2022-10-27,8.634083333333333,8.634083333333333,False,0,2022,10,Autumn,14.8,88.0,12.8,2.8,15.2,165.0,1011.0,3.81,92.0,36.0,0.78,0.258819045102521,-0.9659258262890682
2022-10-28,6.587083333333333,6.587083333333333,False,0,2022,10,Autumn,14.8,79.0,11.1,5.8,18.7,191.0,1011.0,6.28,88.0,66.6,1.44,-0.19080899537654472,-0.981627183447664
2022-10-29,10.044333333333332,10.044333333333332,False,0,2022,10,Autumn,13.8,89.0,12.0,5.8,15.7,146.0,1011.2,2.19,100.0,43.2,0.63,0.5591929034707469,-0.8290375725550416
2022-10-30,8.397375,8.397375,False,0,2022,10,Autumn,12.9,85.0,10.4,4.6,18.5,182.0,1010.0,4.06,72.0,50.0,0.92,-0.0348994967025009,-0.9993908270190958
2022-10-31,6.978333333333333,6.978333333333333,False,0,2022,10,Autumn,13.0,83.0,10.2,10.2,17.1,156.0,1008.8,4.51,72.0,44.6,0.99,0.40673664307580043,-0.9135454576426008
2022-11-01,4.948958333333334,4.948958333333334,False,0,2022,11,Autumn,11.2,86.0,8.9,16.6,15.4,212.0,999.3,4.44,96.0,48.6,0.8,-0.5299192642332048,-0.8480480961564261
2022-11-02,6.576333333333333,6.576333333333333,False,0,2022,11,Autumn,10.0,82.0,7.0,7.4,25.2,197.0,1005.4,2.84,83.0,70.2,1.03,-0.29237170472273677,-0.9563047559630354
2022-11-03,11.620458333333334,11.620458333333334,False,0,2022,11,Autumn,8.6,82.0,5.6,2.8,10.6,191.0,999.3,5.0,73.0,49.3,0.88,-0.19080899537654472,-0.981627183447664
2022-11-04,12.273000000000001,12.273000000000001,False,0,2022,11,Autumn,7.5,84.0,4.8,2.2,10.3,281.0,1010.3,6.11,36.0,32.0,0.82,-0.9816271834476639,0.1908089953765451
2022-11-05,21.303124999999998,21.303124999999998,False,1,2022,11,Autumn,9.4,91.0,7.9,2.8,14.2,189.0,1009.3,1.12,81.0,41.4,0.37,-0.15643446504023073,-0.9876883405951378
2022-11-06,17.099166666666665,17.099166666666665,False,1,2022,11,Autumn,8.7,90.0,7.2,0.5,14.0,180.0,999.6,4.03,60.0,37.4,0.56,1.2246467991473532e-16,-1.0
2022-11-07,6.063291666666667,6.063291666666667,False,0,2022,11,Autumn,11.6,84.0,9.0,0.4,22.4,185.0,997.0,2.23,93.0,55.8,0.91,-0.08715574274765794,-0.9961946980917455
2022-11-08,3.7283749999999998,3.7283749999999998,False,0,2022,11,Autumn,11.4,82.0,8.3,8.0,24.0,188.0,990.9,3.68,74.0,69.8,1.08,-0.13917310096006552,-0.9902680687415703
2022-11-09,6.3122727272727275,6.3122727272727275,False,0,2022,11,Autumn,9.9,84.0,7.3,2.9,16.4,213.0,1001.2,4.57,80.0,40.0,0.8,-0.5446390350150271,-0.838670567945424
2022-11-10,5.434458333333333,5.434458333333333,False,0,2022,11,Autumn,13.8,80.0,10.3,1.0,25.0,200.0,1012.6,2.2,99.0,52.2,1.28,-0.34202014332566866,-0.9396926207859084
2022-11-11,8.355041666666667,8.355041666666667,False,0,2022,11,Autumn,14.8,79.0,11.1,1.3,23.2,198.0,1019.9,2.55,93.0,52.2,1.33,-0.3090169943749473,-0.9510565162951536
2022-11-12,15.128833333333333,15.128833333333333,False,1,2022,11,Autumn,12.3,86.0,10.0,0.0,13.0,164.0,1024.3,4.06,61.0,30.2,0.7,0.2756373558169992,-0.9612616959383189
2022-11-13,15.979833333333334,15.979833333333334,False,1,2022,11,Autumn,12.3,85.0,9.8,0.0,10.8,123.0,1017.9,5.28,5.0,28.1,0.77,0.8386705679454239,-0.5446390350150271
2022-11-14,17.442041666666665,17.442041666666665,False,1,2022,11,Autumn,11.1,89.0,9.4,0.1,8.7,137.0,1007.2,3.99,82.0,23.8,0.56,0.6819983600624986,-0.7313537016191705
2022-11-15,6.2058333333333335,6.2058333333333335,False,0,2022,11,Autumn,9.8,88.0,7.8,8.3,16.2,156.0,992.4,0.73,98.0,50.0,0.51,0.40673664307580043,-0.9135454576426008
2022-11-16,9.978416666666666,9.978416666666666,False,0,2022,11,Autumn,7.4,88.0,5.5,0.8,10.8,123.0,988.3,3.81,69.0,28.8,0.48,0.8386705679454239,-0.5446390350150271
2022-11-17,4.560708333333333,4.560708333333333,False,0,2022,11,Autumn,8.7,90.0,7.2,18.6,17.7,320.0,983.8,0.55,100.0,42.1,0.33,-0.6427876096865396,0.7660444431189778
2022-11-18,5.916833333333333,5.916833333333333,False,0,2022,11,Autumn,8.6,89.0,6.9,4.8,15.8,272.0,997.5,2.55,70.0,39.6,0.47,-0.9993908270190958,0.03489949670250128
2022-11-19,11.74725,11.74725,False,0,2022,11,Autumn,7.1,90.0,5.6,0.2,6.8,226.0,1011.8,3.92,58.0,19.8,0.39,-0.7193398003386512,-0.6946583704589973
2022-11-20,7.345791666666667,7.345791666666667,False,0,2022,11,Autumn,7.1,86.0,4.8,7.5,14.3,221.0,1006.0,3.41,85.0,34.9,0.55,-0.656059028990507,-0.7547095802227721
2022-11-21,7.9972916666666665,7.9972916666666665,False,0,2022,11,Autumn,5.5,89.0,3.9,16.3,13.0,108.0,994.2,0.9,97.0,43.2,0.31,0.9510565162951536,-0.30901699437494734
2022-11-22,9.269916666666667,9.269916666666667,False,0,2022,11,Autumn,5.8,93.0,4.7,2.8,8.5,304.0,987.5,2.74,61.0,26.3,0.33,-0.8290375725550416,0.559192903470747
2022-11-23,7.323083333333333,7.323083333333333,False,0,2022,11,Autumn,6.9,86.0,4.7,6.6,18.6,179.0,986.6,2.28,75.0,52.9,0.58,0.01745240643728344,-0.9998476951563913
2022-11-24,9.597166666666666,9.597166666666666,False,0,2022,11,Autumn,7.8,84.0,5.2,5.5,22.2,184.0,995.9,1.51,72.0,60.5,0.67,-0.06975647374412527,-0.9975640502598242
2022-11-25,9.242333333333333,9.242333333333333,False,0,2022,11,Autumn,8.0,86.0,5.7,3.1,17.5,215.0,1009.6,3.73,47.0,57.6,0.61,-0.5735764363510462,-0.8191520442889918
2022-11-26,8.42675,8.42675,False,0,2022,11,Autumn,9.7,85.0,7.3,3.5,20.8,175.0,1017.2,1.61,100.0,56.9,0.67,0.0871557427476582,-0.9961946980917455
2022-11-27,16.8545,16.8545,False,1,2022,11,Autumn,9.7,90.0,8.2,1.2,15.3,187.0,1009.3,2.4,96.0,57.2,0.39,-0.12186934340514731,-0.9925461516413221
2022-11-28,15.718458333333333,15.718458333333333,False,1,2022,11,Autumn,6.5,91.0,5.2,0.0,7.6,160.0,1007.9,3.23,38.0,24.5,0.33,0.3420201433256689,-0.9396926207859083
2022-11-29,25.516000000000002,25.516000000000002,False,1,2022,11,Autumn,4.5,96.0,3.9,0.0,3.5,154.0,1019.8,1.46,100.0,11.9,0.19,0.4383711467890773,-0.898794046299167
2022-11-30,14.081208333333334,14.081208333333334,False,0,2022,11,Autumn,4.6,90.0,3.1,0.2,7.1,161.0,1025.6,1.44,100.0,26.6,0.25,0.3255681544571566,-0.9455185755993168
2022-12-01,25.412916666666664,25.412916666666664,False,1,2022,12,Winter,5.5,91.0,4.1,0.0,5.6,186.0,1029.2,1.18,99.0,19.8,0.21,-0.1045284632676535,-0.9945218953682733
2022-12-02,21.132125,21.132125,False,1,2022,12,Winter,4.7,93.0,3.6,0.1,5.0,55.0,1028.2,1.23,90.0,20.9,0.19,0.8191520442889918,0.5735764363510462
2022-12-03,12.818458333333334,12.818458333333334,False,0,2022,12,Winter,4.9,87.0,3.0,0.0,13.7,48.0,1025.3,2.88,80.0,34.9,0.39,0.7431448254773942,0.6691306063588582
2022-12-04,10.309541666666666,10.309541666666666,False,0,2022,12,Winter,4.7,88.0,2.8,2.0,14.4,57.0,1020.6,0.94,94.0,30.2,0.28,0.838670567945424,0.5446390350150271
2022-12-05,8.605583333333334,8.605583333333334,False,0,2022,12,Winter,6.0,84.0,3.4,0.1,13.9,42.0,1025.7,1.56,97.0,32.0,0.42,0.6691306063588582,0.7431448254773942
2022-12-06,9.355458333333333,9.355458333333333,False,0,2022,12,Winter,2.6,87.0,0.6,0.2,7.5,344.0,1026.6,1.73,65.0,27.4,0.29,-0.27563735581699894,0.9612616959383189
2022-12-07,20.340166666666665,20.340166666666665,False,1,2022,12,Winter,0.4,88.0,-1.3,0.0,3.9,306.0,1022.7,3.38,26.0,12.6,0.23,-0.8090169943749476,0.5877852522924729
2022-12-08,24.66795833333333,24.66795833333333,False,1,2022,12,Winter,-1.7,86.0,-3.8,0.0,3.7,190.0,1012.9,3.52,8.0,13.0,0.23,-0.17364817766693047,-0.984807753012208
2022-12-09,29.92941666666667,29.92941666666667,False,1,2022,12,Winter,-2.2,90.0,-3.6,0.0,4.7,181.0,1009.0,3.09,24.0,13.3,0.2,-0.017452406437283637,-0.9998476951563913
2022-12-10,16.824916666666667,16.824916666666667,False,1,2022,12,Winter,0.6,91.0,-0.6,1.7,7.5,174.0,1008.1,1.11,100.0,20.5,0.17,0.10452846326765373,-0.9945218953682733
2022-12-11,19.776041666666668,19.776041666666668,False,1,2022,12,Winter,0.2,91.0,-1.2,0.4,6.2,37.0,1008.8,2.49,77.0,19.4,0.21,0.6018150231520483,0.7986355100472928
2022-12-12,22.597416666666664,22.597416666666664,False,1,2022,12,Winter,-1.3,93.0,-2.4,0.0,3.3,42.0,1009.9,2.17,100.0,12.6,0.16,0.6691306063588582,0.7431448254773942
2022-12-13,25.066916666666668,25.066916666666668,False,1,2022,12,Winter,-0.8,87.0,-2.7,0.2,5.3,72.0,1008.9,2.34,60.0,16.6,0.2,0.9510565162951535,0.30901699437494745
2022-12-14,19.376083333333334,19.376083333333334,False,1,2022,12,Winter,-3.0,84.0,-5.4,0.0,6.4,352.0,1008.8,3.29,4.0,15.5,0.23,-0.13917310096006588,0.9902680687415703
2022-12-15,36.55583333333333,36.55583333333333,False,1,2022,12,Winter,-4.1,85.0,-6.2,0.0,3.9,151.0,1013.0,3.24,0.0,13.0,0.2,0.48480962024633717,-0.8746197071393957
2022-12-16,29.17170833333333,29.17170833333333,False,1,2022,12,Winter,-2.7,91.0,-4.0,0.0,5.6,168.0,1017.3,2.21,56.0,21.2,0.16,0.20791169081775931,-0.9781476007338057
2022-12-17,13.191041666666665,13.191041666666665,False,0,2022,12,Winter,1.4,91.0,0.2,8.6,14.1,185.0,1018.0,0.85,80.0,29.2,0.16,-0.08715574274765794,-0.9961946980917455
2022-12-18,13.271458333333333,13.271458333333333,False,0,2022,12,Winter,2.5,84.0,0.1,1.0,17.6,145.0,1012.4,0.51,100.0,45.0,0.36,0.5735764363510459,-0.8191520442889919
2022-12-19,5.4117500000000005,5.4117500000000005,False,0,2022,12,Winter,12.0,89.0,10.2,3.1,25.4,184.0,998.7,0.56,99.0,60.5,0.55,-0.06975647374412527,-0.9975640502598242
2022-12-20,9.662875,9.662875,False,0,2022,12,Winter,8.2,86.0,5.9,0.5,16.9,208.0,1002.6,2.67,74.0,40.3,0.51,-0.46947156278589086,-0.8829475928589269
2022-12-21,9.366208333333335,9.366208333333335,False,0,2022,12,Winter,6.3,86.0,4.1,1.5,18.6,199.0,1001.9,2.75,50.0,40.3,0.46,-0.32556815445715676,-0.9455185755993167
2022-12-22,12.035125,12.035125,False,0,2022,12,Winter,5.0,96.0,4.3,3.3,6.0,170.0,1001.5,0.61,100.0,20.2,0.15,0.17364817766693028,-0.984807753012208
2022-12-23,9.214833333333333,9.214833333333333,False,0,2022,12,Winter,5.1,93.0,4.1,12.4,11.0,112.0,1000.8,0.4,83.0,36.0,0.19,0.9271838545667874,-0.37460659341591207
2022-12-24,7.539375,7.539375,False,0,2022,12,Winter,7.0,91.0,5.6,3.1,17.1,191.0,1004.6,2.77,52.0,48.6,0.34,-0.19080899537654472,-0.981627183447664
2022-12-25,5.233,5.233,False,0,2022,12,Winter,8.4,89.0,6.7,0.1,18.6,183.0,1002.9,1.84,82.0,42.8,0.36,-0.052335956242943564,-0.9986295347545738
2022-12-26,4.424125,4.424125,False,0,2022,12,Winter,4.8,81.0,1.8,15.9,19.5,253.0,1010.9,2.2,63.0,64.1,0.57,-0.9563047559630353,-0.2923717047227371
2022-12-27,3.469,3.469,False,0,2022,12,Winter,5.7,89.0,4.1,7.9,20.1,194.0,1013.2,0.46,90.0,62.6,0.35,-0.2419218955996675,-0.9702957262759965
2022-12-28,4.7199583333333335,4.7199583333333335,False,0,2022,12,Winter,8.0,88.0,6.2,4.7,21.1,195.0,995.8,0.42,96.0,54.0,0.48,-0.2588190451025208,-0.9659258262890683
2022-12-29,5.3036666666666665,5.3036666666666665,False,0,2022,12,Winter,6.6,81.0,3.6,4.8,22.9,229.0,994.0,2.55,72.0,52.6,0.75,-0.754709580222772,-0.6560590289905073
2022-12-30,6.11825,6.11825,False,0,2022,12,Winter,8.2,80.0,4.9,1.1,27.2,192.0,990.8,1.31,98.0,65.2,0.94,-0.2079116908177595,-0.9781476007338056
2022-12-31,5.72525,5.72525,False,0,2022,12,Winter,9.2,91.0,7.8,16.9,13.1,199.0,994.1,0.6,100.0,34.9,0.24,-0.32556815445715676,-0.9455185755993167
2023-01-01,6.285541666666667,6.285541666666667,False,0,2023,1,Winter,7.9,86.0,5.7,6.9,18.3,197.0,1002.3,1.86,87.0,49.7,0.5,-0.29237170472273677,-0.9563047559630354
2023-01-02,6.785708333333333,6.785708333333333,False,0,2023,1,Winter,3.8,92.0,2.6,2.0,8.2,219.0,1014.3,3.05,28.0,25.9,0.24,-0.6293203910498376,-0.7771459614569708
2023-01-03,3.4897500000000004,3.4897500000000004,False,0,2023,1,Winter,7.0,89.0,5.3,7.1,21.0,178.0,1012.3,0.81,82.0,53.3,0.39,0.03489949670250114,-0.9993908270190958
2023-01-04,5.785291666666667,5.785291666666667,False,0,2023,1,Winter,10.9,85.0,8.5,7.9,24.1,245.0,1008.3,1.78,85.0,52.9,0.72,-0.90630778703665,-0.42261826174069916
2023-01-05,5.237791666666666,5.237791666666666,False,0,2023,1,Winter,10.1,88.0,8.2,5.1,20.3,221.0,1013.3,0.75,93.0,56.2,0.49,-0.656059028990507,-0.7547095802227721
2023-01-06,5.054125,5.054125,False,0,2023,1,Winter,8.2,86.0,5.9,3.6,20.0,206.0,1008.3,2.32,70.0,48.6,0.55,-0.43837114678907746,-0.8987940462991669
2023-01-07,3.036583333333333,3.036583333333333,False,0,2023,1,Winter,10.2,82.0,7.3,3.3,27.4,184.0,993.2,1.88,88.0,63.4,0.92,-0.06975647374412527,-0.9975640502598242
2023-01-08,4.271833333333333,4.271833333333333,False,0,2023,1,Winter,6.2,86.0,4.0,2.6,20.7,191.0,987.2,1.33,89.0,51.8,0.51,-0.19080899537654472,-0.981627183447664
2023-01-09,7.9078333333333335,7.9078333333333335,False,0,2023,1,Winter,5.5,87.0,3.5,9.7,21.0,254.0,997.0,2.19,79.0,52.2,0.46,-0.961261695938319,-0.2756373558169989
2023-01-10,4.529333333333333,4.529333333333333,False,0,2023,1,Winter,8.2,87.0,6.1,15.0,25.1,202.0,1001.5,0.54,96.0,68.8,0.55,-0.374606593415912,-0.9271838545667874
2023-01-11,7.446916666666667,7.446916666666667,False,0,2023,1,Winter,6.9,81.0,3.9,11.1,21.9,226.0,1001.7,1.76,63.0,62.3,0.7,-0.7193398003386512,-0.6946583704589973
2023-01-12,6.435833333333334,6.435833333333334,False,0,2023,1,Winter,9.1,81.0,6.0,14.4,25.0,229.0,995.3,1.64,83.0,61.6,0.88,-0.754709580222772,-0.6560590289905073
2023-01-13,8.971124999999999,8.971124999999999,False,0,2023,1,Winter,6.7,81.0,3.6,6.0,27.1,252.0,1002.6,1.52,88.0,61.9,0.82,-0.9510565162951535,-0.30901699437494756
2023-01-14,4.927333333333333,4.927333333333333,False,0,2023,1,Winter,6.8,81.0,3.7,8.0,25.4,227.0,995.0,1.44,84.0,55.1,0.77,-0.7313537016191705,-0.6819983600624986
2023-01-15,6.381708333333333,6.381708333333333,False,0,2023,1,Winter,4.3,83.0,1.5,3.9,18.9,241.0,993.4,2.2,79.0,50.4,0.69,-0.874619707139396,-0.48480962024633684
2023-01-16,7.835125000000001,7.835125000000001,False,0,2023,1,Winter,0.2,87.0,-1.8,1.3,7.8,316.0,988.4,3.17,54.0,32.0,0.32,-0.6946583704589976,0.7193398003386509
2023-01-17,12.986541666666668,12.986541666666668,False,0,2023,1,Winter,-2.4,92.0,-3.6,0.6,5.9,205.0,989.0,2.94,55.0,22.3,0.24,-0.4226182617406993,-0.90630778703665
2023-01-18,8.599708333333334,8.599708333333334,False,0,2023,1,Winter,0.4,88.0,-1.4,1.6,9.4,268.0,996.4,4.21,50.0,25.2,0.37,-0.9993908270190958,-0.03489949670250076
2023-01-19,8.818875,8.818875,False,0,2023,1,Winter,0.3,86.0,-1.8,0.5,9.6,260.0,1006.9,4.06,31.0,30.2,0.39,-0.984807753012208,-0.17364817766693033
2023-01-20,12.021458333333333,12.021458333333333,False,0,2023,1,Winter,1.7,89.0,-0.0,0.0,7.2,320.0,1019.2,4.6,7.0,30.2,0.37,-0.6427876096865396,0.7660444431189778
2023-01-21,18.202625,18.202625,False,1,2023,1,Winter,-0.3,88.0,-2.2,0.0,8.5,139.0,1032.5,3.81,42.0,27.0,0.35,0.6560590289905073,-0.754709580222772
2023-01-22,18.602625,18.602625,False,1,2023,1,Winter,1.6,84.0,-0.7,0.0,8.5,161.0,1033.6,1.95,89.0,19.8,0.34,0.3255681544571566,-0.9455185755993168
2023-01-23,23.581125,23.581125,False,1,2023,1,Winter,3.4,85.0,1.1,0.0,6.3,158.0,1036.3,3.06,88.0,13.3,0.37,0.37460659341591224,-0.9271838545667873
2023-01-24,24.970708333333334,24.970708333333334,False,1,2023,1,Winter,3.1,90.0,1.5,0.0,3.0,163.0,1038.8,1.62,99.0,11.2,0.23,0.2923717047227366,-0.9563047559630355
2023-01-25,11.811124999999999,11.811124999999999,False,0,2023,1,Winter,5.4,94.0,4.5,1.2,9.6,265.0,1032.7,1.09,70.0,30.2,0.21,-0.9961946980917455,-0.08715574274765825
2023-01-26,10.329208333333334,10.329208333333334,False,0,2023,1,Winter,2.8,88.0,0.9,0.0,8.6,2.0,1033.7,4.26,39.0,25.9,0.45,0.03489949670250097,0.9993908270190958
2023-01-27,7.85175,7.85175,False,0,2023,1,Winter,3.3,88.0,1.5,0.0,7.2,339.0,1033.1,2.13,85.0,19.1,0.31,-0.35836794954530077,0.9335804264972015
2023-01-28,13.054291666666666,13.054291666666666,False,0,2023,1,Winter,4.6,92.0,3.4,0.2,6.1,225.0,1031.5,1.3,95.0,18.7,0.25,-0.7071067811865475,-0.7071067811865477
2023-01-29,7.018583333333333,7.018583333333333,False,0,2023,1,Winter,6.7,87.0,4.7,1.2,17.1,248.0,1024.1,1.38,100.0,52.9,0.47,-0.9271838545667873,-0.3746065934159123
2023-01-30,11.328666666666665,11.328666666666665,False,0,2023,1,Winter,6.8,78.0,3.2,0.1,20.5,282.0,1023.1,3.6,66.0,52.6,0.96,-0.9781476007338056,0.20791169081775943
2023-01-31,9.84675,9.84675,False,0,2023,1,Winter,7.5,79.0,4.1,2.1,25.0,263.0,1022.1,4.63,73.0,56.2,1.02,-0.9925461516413221,-0.12186934340514717
2023-02-01,10.083541666666667,10.083541666666667,False,0,2023,2,Winter,7.6,79.0,4.1,1.6,29.5,269.0,1021.5,1.83,94.0,63.0,1.06,-0.9998476951563913,-0.017452406437283498
2023-02-02,5.09725,5.09725,False,0,2023,2,Winter,9.2,82.0,6.4,3.8,21.5,253.0,1023.6,2.1,100.0,46.1,0.84,-0.9563047559630353,-0.2923717047227371
2023-02-03,6.280541666666667,6.280541666666667,False,0,2023,2,Winter,10.0,84.0,7.5,0.9,19.5,262.0,1028.7,1.03,98.0,48.2,0.67,-0.9902680687415703,-0.13917310096006583
2023-02-04,7.175666666666667,7.175666666666667,False,0,2023,2,Winter,8.4,85.0,6.1,0.9,11.0,234.0,1035.8,1.87,94.0,41.4,0.49,-0.8090169943749473,-0.5877852522924732
2023-02-05,13.799208333333333,13.799208333333333,False,0,2023,2,Winter,2.9,84.0,0.4,0.0,6.6,277.0,1045.3,5.81,65.0,22.0,0.59,-0.992546151641322,0.12186934340514768
2023-02-06,15.909041666666667,15.909041666666667,False,1,2023,2,Winter,0.7,83.0,-1.9,0.0,7.2,167.0,1041.4,6.75,44.0,13.7,0.61,0.2249510543438652,-0.9743700647852351
2023-02-07,22.8105,22.8105,False,1,2023,2,Winter,2.5,88.0,0.6,0.0,5.7,146.0,1038.2,5.55,54.0,14.0,0.55,0.5591929034707469,-0.8290375725550416
2023-02-08,20.4885,20.4885,False,1,2023,2,Winter,2.3,80.0,-0.8,0.0,10.8,177.0,1032.3,6.77,72.0,29.5,0.76,0.05233595624294381,-0.9986295347545738
2023-02-09,10.43725,10.43725,False,0,2023,2,Winter,4.7,81.0,1.6,0.1,12.1,250.0,1031.1,6.26,78.0,41.8,0.81,-0.9396926207859084,-0.34202014332566855
2023-02-10,9.009541666666667,9.009541666666667,False,0,2023,2,Winter,5.5,86.0,3.3,0.0,11.3,218.0,1033.9,1.95,100.0,31.3,0.46,-0.6156614753256582,-0.788010753606722
2023-02-11,6.713916666666667,6.713916666666667,False,0,2023,2,Winter,8.0,86.0,5.9,0.2,12.1,272.0,1035.1,3.14,91.0,35.6,0.59,-0.9993908270190958,0.03489949670250128
2023-02-12,18.570333333333334,18.570333333333334,False,1,2023,2,Winter,6.7,82.0,3.6,0.0,7.3,153.0,1036.6,4.21,79.0,24.5,0.69,0.45399049973954686,-0.8910065241883678
2023-02-13,22.425416666666667,22.425416666666667,False,1,2023,2,Winter,5.4,84.0,2.9,0.0,9.8,158.0,1032.9,5.77,54.0,30.2,0.73,0.37460659341591224,-0.9271838545667873
2023-02-14,34.789833333333334,34.789833333333334,False,1,2023,2,Winter,4.8,85.0,2.4,0.0,9.4,147.0,1028.8,7.2,32.0,17.6,0.85,0.5446390350150273,-0.8386705679454239
2023-02-15,22.274,22.274,False,1,2023,2,Winter,5.6,83.0,2.9,1.2,10.8,178.0,1020.5,3.99,87.0,32.4,0.63,0.03489949670250114,-0.9993908270190958
2023-02-16,5.757833333333333,5.757833333333333,False,0,2023,2,Winter,8.6,92.0,7.3,5.2,13.0,198.0,1016.1,1.79,100.0,33.1,0.39,-0.3090169943749473,-0.9510565162951536
2023-02-17,6.6578333333333335,6.6578333333333335,False,0,2023,2,Winter,10.9,83.0,8.0,1.5,22.7,248.0,1016.9,4.61,100.0,65.2,1.01,-0.9271838545667873,-0.3746065934159123
2023-02-18,5.369458333333333,5.369458333333333,False,0,2023,2,Winter,10.8,83.0,8.1,7.9,25.0,255.0,1017.2,4.45,97.0,67.7,1.09,-0.9659258262890683,-0.25881904510252063
2023-02-19,4.9115416666666665,4.9115416666666665,False,0,2023,2,Winter,8.0,83.0,5.1,0.6,15.4,260.0,1024.2,4.41,96.0,53.6,0.86,-0.984807753012208,-0.17364817766693033
2023-02-20,3.34425,3.34425,False,0,2023,2,Winter,10.4,85.0,7.9,0.3,19.2,241.0,1020.3,2.12,98.0,49.3,0.77,-0.874619707139396,-0.48480962024633684
2023-02-21,6.089833333333334,6.089833333333334,False,0,2023,2,Winter,9.3,84.0,6.7,0.0,11.3,210.0,1016.0,3.32,100.0,27.0,0.66,-0.5000000000000001,-0.8660254037844386
2023-02-22,5.045913043478261,5.045913043478261,False,0,2023,2,Winter,6.5,84.0,3.9,1.7,12.1,278.0,1011.4,5.75,82.0,40.0,0.78,-0.9902680687415704,0.13917310096006547
2023-02-23,7.325125,7.325125,False,0,2023,2,Winter,4.7,74.0,0.3,0.0,10.2,346.0,1021.1,9.55,50.0,29.2,1.18,-0.24192189559966787,0.9702957262759965
2023-02-24,9.534208333333334,9.534208333333334,False,0,2023,2,Winter,7.5,78.0,3.8,0.1,13.4,335.0,1015.0,4.63,77.0,33.1,0.96,-0.4226182617406992,0.90630778703665
2023-02-25,9.238541666666666,9.238541666666666,False,0,2023,2,Winter,3.5,76.0,-0.6,0.0,13.1,19.0,1020.7,6.18,44.0,43.2,0.97,0.3255681544571567,0.9455185755993168
2023-02-26,8.25375,8.25375,False,0,2023,2,Winter,3.9,79.0,0.4,0.0,11.1,38.0,1030.0,6.09,52.0,40.7,0.88,0.6156614753256583,0.7880107536067219
2023-02-27,5.857,5.857,False,0,2023,2,Winter,5.8,80.0,2.6,0.0,11.3,35.0,1034.9,4.76,88.0,34.2,0.78,0.573576436351046,0.8191520442889918
2023-02-28,5.0776666666666666,5.0776666666666666,False,0,2023,2,Winter,6.6,80.0,3.4,0.3,13.8,16.0,1036.1,3.12,97.0,34.9,0.75,0.27563735581699916,0.9612616959383189
2023-03-01,4.735625,4.735625,False,0,2023,3,Spring,6.3,80.0,3.1,0.3,14.4,31.0,1032.9,2.98,99.0,41.0,0.75,0.5150380749100542,0.8571673007021123
2023-03-02,10.622083333333334,10.622083333333334,False,0,2023,3,Spring,5.2,76.0,1.2,0.0,8.0,53.0,1028.6,7.37,74.0,23.4,0.98,0.7986355100472928,0.6018150231520484
2023-03-03,8.266583333333333,8.266583333333333,False,0,2023,3,Spring,4.4,78.0,0.8,0.0,7.3,37.0,1031.1,5.03,86.0,24.1,0.77,0.6018150231520483,0.7986355100472928
2023-03-04,11.468166666666667,11.468166666666667,False,0,2023,3,Spring,3.9,76.0,-0.3,0.0,6.2,335.0,1031.1,7.91,82.0,20.9,1.06,-0.4226182617406992,0.90630778703665
2023-03-05,8.776625000000001,8.776625000000001,False,0,2023,3,Spring,2.2,82.0,-0.9,0.2,7.0,276.0,1019.7,5.95,93.0,29.5,0.85,-0.9945218953682734,0.10452846326765299
2023-03-06,5.53075,5.53075,False,0,2023,3,Spring,4.8,88.0,2.8,4.3,13.2,265.0,1004.6,3.73,100.0,48.6,0.59,-0.9961946980917455,-0.08715574274765825
2023-03-07,5.4362272727272725,5.4362272727272725,False,0,2023,3,Spring,1.6,74.0,-2.8,0.8,7.0,320.0,1000.2,12.34,40.0,28.8,1.27,-0.6427876096865396,0.7660444431189778
2023-03-08,9.579608695652173,9.579608695652173,False,0,2023,3,Spring,0.8,74.0,-3.5,0.8,13.3,71.0,994.6,6.07,100.0,36.7,0.94,0.9455185755993167,0.32556815445715676
2023-03-09,5.452083333333333,5.452083333333333,False,0,2023,3,Spring,1.7,81.0,-1.3,6.4,22.9,77.0,992.9,2.02,99.0,76.7,0.66,0.9743700647852352,0.22495105434386492
2023-03-10,6.005333333333334,6.005333333333334,False,0,2023,3,Spring,2.4,77.0,-1.4,8.5,19.8,27.0,1000.3,12.0,73.0,74.9,1.32,0.45399049973954675,0.8910065241883679
2023-03-11,9.835958333333332,9.835958333333332,False,0,2023,3,Spring,1.3,78.0,-2.3,3.4,9.6,129.0,1008.4,5.81,99.0,31.3,0.85,0.777145961456971,-0.6293203910498373
2023-03-12,8.563374999999999,8.563374999999999,False,0,2023,3,Spring,8.9,84.0,6.3,11.9,20.9,224.0,1000.9,8.57,100.0,58.0,1.36,-0.6946583704589974,-0.7193398003386511
2023-03-13,3.3490416666666665,3.3490416666666665,False,0,2023,3,Spring,10.4,87.0,8.2,24.7,28.2,216.0,982.4,1.64,99.0,74.2,0.84,-0.587785252292473,-0.8090169943749476
2023-03-14,4.955916666666667,4.955916666666667,False,0,2023,3,Spring,3.7,83.0,1.0,8.0,14.0,298.0,1002.0,10.0,75.0,54.7,1.04,-0.8829475928589271,0.4694715627858904
2023-03-15,8.065041666666668,8.065041666666668,False,0,2023,3,Spring,2.2,89.0,0.5,3.3,12.0,164.0,1012.8,6.13,86.0,38.2,0.77,0.2756373558169992,-0.9612616959383189
2023-03-16,5.108125,5.108125,False,0,2023,3,Spring,9.8,88.0,7.9,5.2,21.6,181.0,1001.3,3.7,98.0,48.2,0.8,-0.017452406437283637,-0.9998476951563913
2023-03-17,8.57225,8.57225,False,0,2023,3,Spring,10.9,83.0,8.0,3.7,14.1,182.0,1000.8,10.73,77.0,43.2,1.54,-0.0348994967025009,-0.9993908270190958
2023-03-18,7.139375,7.139375,False,0,2023,3,Spring,10.0,88.0,8.1,2.9,10.3,235.0,1004.6,7.3,96.0,35.6,1.09,-0.8191520442889916,-0.5735764363510464
2023-03-19,6.577333333333333,6.577333333333333,False,0,2023,3,Spring,7.8,80.0,4.4,1.0,13.3,282.0,1014.3,7.98,92.0,34.6,1.24,-0.9781476007338056,0.20791169081775943
2023-03-20,3.4797499999999997,3.4797499999999997,False,0,2023,3,Spring,10.5,89.0,8.7,5.8,12.8,191.0,1012.5,4.46,100.0,30.6,0.83,-0.19080899537654472,-0.981627183447664
2023-03-21,3.79325,3.79325,False,0,2023,3,Spring,10.9,81.0,7.7,3.6,22.3,199.0,1003.5,8.5,92.0,55.8,1.56,-0.32556815445715676,-0.9455185755993167
2023-03-22,7.277875000000001,7.277875000000001,False,0,2023,3,Spring,10.7,71.0,5.4,4.0,27.0,202.0,993.5,13.82,72.0,61.6,2.46,-0.374606593415912,-0.9271838545667874
2023-03-23,6.4485,6.4485,False,0,2023,3,Spring,9.5,77.0,5.5,8.1,21.7,198.0,991.1,11.92,75.0,59.4,1.92,-0.3090169943749473,-0.9510565162951536
2023-03-24,6.392541666666666,6.392541666666666,False,0,2023,3,Spring,9.3,72.0,4.4,2.4,23.8,209.0,991.4,13.22,69.0,59.0,2.26,-0.48480962024633695,-0.8746197071393959
2023-03-25,6.1635833333333325,6.1635833333333325,False,0,2023,3,Spring,8.2,82.0,5.2,6.7,21.7,260.0,999.2,9.86,79.0,59.8,1.45,-0.984807753012208,-0.17364817766693033
2023-03-26,9.036083333333334,9.036083333333334,False,0,2023,3,Spring,6.5,75.0,2.2,0.1,15.7,56.0,1009.5,9.06,93.0,45.0,1.43,0.8290375725550417,0.5591929034707468
2023-03-27,6.763000000000001,6.763000000000001,False,0,2023,3,Spring,4.7,74.0,0.3,0.8,6.4,138.0,1024.3,9.55,80.0,21.2,1.32,0.6691306063588583,-0.743144825477394
2023-04-05,12.653291666666666,12.653291666666666,False,0,2023,4,Spring,8.6,84.0,5.9,4.1,12.7,177.0,1018.1,3.37,100.0,33.1,0.81,0.05233595624294381,-0.9986295347545738
2023-04-06,7.085333333333334,7.085333333333334,False,0,2023,4,Spring,9.0,80.0,5.6,5.4,16.0,285.0,1013.4,15.04,52.0,49.7,1.95,-0.9659258262890684,0.2588190451025203
2023-04-07,6.704083333333333,6.704083333333333,False,0,2023,4,Spring,7.0,75.0,2.4,0.0,5.9,292.0,1021.2,19.99,2.0,19.8,2.59,-0.9271838545667874,0.37460659341591196
2023-04-08,10.596541666666667,10.596541666666667,False,0,2023,4,Spring,8.7,71.0,3.2,0.0,8.8,125.0,1025.0,16.7,68.0,26.6,2.54,0.8191520442889917,-0.5735764363510462
2023-04-09,13.829625,13.829625,False,0,2023,4,Spring,10.1,72.0,5.1,0.0,16.2,154.0,1019.6,13.36,91.0,43.6,2.28,0.4383711467890773,-0.898794046299167
2023-04-10,5.537624999999999,5.537624999999999,False,0,2023,4,Spring,9.3,84.0,6.7,14.0,20.1,220.0,1005.8,7.47,87.0,47.2,1.29,-0.6427876096865393,-0.766044443118978
2023-04-11,4.15975,4.15975,False,0,2023,4,Spring,8.2,71.0,3.1,4.2,24.9,211.0,1003.1,11.92,69.0,73.1,2.2,-0.5150380749100542,-0.8571673007021123
2023-04-12,3.5593749999999997,3.5593749999999997,False,0,2023,4,Spring,5.6,79.0,2.3,6.8,24.5,207.0,987.4,10.96,69.0,67.0,1.45,-0.4539904997395467,-0.8910065241883679
2023-04-13,6.8425416666666665,6.8425416666666665,False,0,2023,4,Spring,7.5,74.0,2.9,2.9,25.8,268.0,997.5,12.38,59.0,63.0,1.92,-0.9993908270190958,-0.03489949670250076
2023-04-14,5.678041666666666,5.678041666666666,False,0,2023,4,Spring,5.7,85.0,3.4,13.5,7.1,140.0,1004.4,5.31,96.0,21.2,0.79,0.6427876096865395,-0.7660444431189779
2023-04-15,10.346958333333333,10.346958333333333,False,0,2023,4,Spring,7.5,81.0,4.2,0.4,5.1,114.0,1018.9,15.6,70.0,16.2,2.12,0.9135454576426009,-0.40673664307580026
2023-04-16,10.15825,10.15825,False,0,2023,4,Spring,9.5,82.0,6.4,1.0,6.3,170.0,1025.2,4.93,100.0,19.4,0.96,0.17364817766693028,-0.984807753012208
2023-04-17,17.881458333333335,17.881458333333335,False,1,2023,4,Spring,11.7,83.0,8.8,0.5,6.7,84.0,1028.3,8.75,87.0,23.4,1.56,0.9945218953682733,0.10452846326765346
2023-04-18,16.249125,16.249125,False,1,2023,4,Spring,9.9,70.0,4.1,0.0,17.1,70.0,1031.1,20.7,39.0,44.6,3.11,0.9396926207859083,0.3420201433256688
2023-04-19,12.707458333333333,12.707458333333333,False,0,2023,4,Spring,9.8,65.0,3.4,0.1,22.2,75.0,1029.0,17.44,44.0,51.8,2.96,0.9659258262890683,0.25881904510252074
2023-04-20,12.104,12.104,False,0,2023,4,Spring,9.1,65.0,2.5,0.0,19.0,58.0,1025.5,22.75,18.0,47.9,3.39,0.848048096156426,0.5299192642332049
2023-04-21,18.13775,18.13775,False,1,2023,4,Spring,9.7,78.0,6.1,1.6,21.1,63.0,1015.1,12.03,98.0,65.2,1.86,0.8910065241883678,0.4539904997395468
2023-04-22,16.381708333333332,16.381708333333332,False,1,2023,4,Spring,9.4,79.0,5.7,2.7,8.7,243.0,1004.7,13.04,99.0,31.7,1.89,-0.8910065241883678,-0.4539904997395469
2023-04-23,14.629624999999999,14.629624999999999,False,0,2023,4,Spring,9.2,78.0,5.4,5.0,8.6,18.0,1001.9,10.2,88.0,29.2,1.6,0.3090169943749474,0.9510565162951535
2023-04-24,7.3851249999999995,7.3851249999999995,False,0,2023,4,Spring,6.3,72.0,1.3,0.3,10.1,19.0,1011.2,15.59,72.0,33.5,2.2,0.3255681544571567,0.9455185755993168
2023-04-25,7.718166666666666,7.718166666666666,False,0,2023,4,Spring,4.9,69.0,-0.8,0.3,5.8,357.0,1018.9,16.15,56.0,21.2,2.07,-0.05233595624294437,0.9986295347545738
2023-04-26,13.858208333333332,13.858208333333332,False,0,2023,4,Spring,7.2,66.0,1.1,0.4,5.1,122.0,1018.0,15.68,79.0,20.5,2.15,0.8480480961564261,-0.5299192642332048
2023-04-27,17.824333333333332,17.824333333333332,False,1,2023,4,Spring,8.9,74.0,4.5,3.7,14.0,121.0,1014.4,8.22,100.0,37.8,1.68,0.8571673007021123,-0.5150380749100543
2023-04-28,11.694291666666667,11.694291666666667,False,0,2023,4,Spring,10.2,83.0,7.3,2.3,9.1,358.0,1011.6,11.38,82.0,32.8,1.73,-0.034899496702500823,0.9993908270190958
2023-04-29,18.688083333333335,18.688083333333335,False,1,2023,4,Spring,11.3,85.0,8.9,1.9,6.2,141.0,1019.6,17.23,36.0,26.3,2.47,0.6293203910498374,-0.7771459614569709
2023-04-30,13.134875000000001,13.134875000000001,False,0,2023,4,Spring,11.9,87.0,9.7,6.3,12.8,179.0,1018.8,9.08,88.0,42.5,1.41,0.01745240643728344,-0.9998476951563913
2023-05-01,5.871583333333334,5.871583333333334,False,0,2023,5,Spring,11.6,84.0,8.8,2.4,12.9,289.0,1018.2,14.32,76.0,42.1,2.07,-0.945518575599317,0.3255681544571563
2023-05-02,8.704833333333333,8.704833333333333,False,0,2023,5,Spring,11.4,75.0,7.0,1.1,8.8,125.0,1026.0,13.85,99.0,27.4,2.29,0.8191520442889917,-0.5735764363510462
2023-05-03,7.866173913043478,7.866173913043478,False,0,2023,5,Spring,11.2,68.0,5.3,0.0,12.9,111.0,1026.2,19.71,100.0,36.4,3.12,0.9335804264972017,-0.35836794954530027
2023-05-04,14.928333333333333,14.928333333333333,False,0,2023,5,Spring,10.2,73.0,5.6,5.0,23.8,79.0,1016.5,18.11,94.0,62.6,2.76,0.981627183447664,0.19080899537654492
2023-05-05,7.14725,7.14725,False,0,2023,5,Spring,13.0,82.0,10.0,4.5,11.7,163.0,1011.4,15.49,86.0,39.2,2.35,0.2923717047227366,-0.9563047559630355
2023-05-06,6.985125,6.985125,False,0,2023,5,Spring,12.8,87.0,10.6,1.6,7.5,140.0,1012.3,11.33,99.0,25.6,1.78,0.6427876096865395,-0.7660444431189779
2023-05-07,9.260083333333332,9.260083333333332,False,0,2023,5,Spring,14.0,83.0,10.8,0.1,6.4,249.0,1016.0,15.85,96.0,20.9,2.55,-0.9335804264972016,-0.3583679495453007
2023-05-08,3.7725833333333334,3.7725833333333334,False,0,2023,5,Spring,13.2,87.0,11.2,19.1,13.5,183.0,1015.3,6.49,100.0,39.6,1.21,-0.052335956242943564,-0.9986295347545738
2023-05-09,7.85275,7.85275,False,0,2023,5,Spring,13.5,81.0,10.1,1.5,10.4,270.0,1010.2,19.51,91.0,31.3,2.91,-1.0,-1.8369701987210297e-16
2023-05-10,6.2785416666666665,6.2785416666666665,False,0,2023,5,Spring,10.8,85.0,8.2,5.0,8.7,246.0,1011.4,15.06,59.0,37.8,2.13,-0.913545457642601,-0.4067366430758001
2023-05-11,7.323250000000001,7.323250000000001,False,0,2023,5,Spring,12.1,82.0,9.0,3.9,6.8,41.0,1016.0,14.54,80.0,23.4,2.23,0.6560590289905073,0.754709580222772
2023-05-12,9.006541666666667,9.006541666666667,False,0,2023,5,Spring,12.2,81.0,8.8,0.0,16.3,44.0,1026.2,20.47,67.0,40.7,2.83,0.6946583704589973,0.7193398003386512
2023-05-13,9.3515,9.3515,False,0,2023,5,Spring,12.0,77.0,7.9,0.0,5.2,47.0,1027.6,26.6,22.0,20.5,3.83,0.7313537016191705,0.6819983600624985
2023-05-14,13.023916666666667,13.023916666666667,False,0,2023,5,Spring,12.5,80.0,8.9,0.2,9.2,264.0,1020.4,19.4,96.0,38.5,3.08,-0.9945218953682734,-0.10452846326765336
2023-05-15,5.2584583333333335,5.2584583333333335,False,0,2023,5,Spring,10.4,69.0,4.7,2.3,15.0,314.0,1021.9,22.4,33.0,40.3,3.18,-0.7193398003386512,0.6946583704589973
2023-05-16,8.446375,8.446375,False,0,2023,5,Spring,10.1,77.0,6.1,2.9,15.1,298.0,1025.7,18.03,53.0,44.6,2.55,-0.8829475928589271,0.4694715627858904
2023-05-17,7.57075,7.57075,False,0,2023,5,Spring,11.8,77.0,7.7,0.4,7.7,283.0,1028.7,17.18,92.0,27.0,2.63,-0.9743700647852352,0.22495105434386492
2023-05-18,10.075791666666666,10.075791666666666,False,0,2023,5,Spring,13.1,73.0,8.2,0.0,6.2,275.0,1027.8,18.0,100.0,28.1,2.92,-0.9961946980917455,0.08715574274765789
2023-05-19,12.322125,12.322125,False,0,2023,5,Spring,12.4,83.0,9.4,5.8,4.9,20.0,1028.4,15.42,68.0,22.7,2.42,0.3420201433256687,0.9396926207859084
2023-05-20,15.013791666666668,15.013791666666668,False,1,2023,5,Spring,13.2,73.0,7.9,0.0,8.5,67.0,1028.0,26.35,13.0,28.4,4.07,0.9205048534524404,0.3907311284892737
2023-05-21,8.389375,8.389375,False,0,2023,5,Spring,13.8,67.0,7.1,0.0,7.2,54.0,1024.2,26.93,50.0,28.1,4.36,0.8090169943749475,0.5877852522924731
2023-05-22,9.298416666666666,9.298416666666666,False,0,2023,5,Spring,13.8,71.0,8.5,0.3,9.8,322.0,1023.7,23.46,32.0,40.0,3.7,-0.6156614753256582,0.788010753606722
2023-05-23,8.8355,8.8355,False,0,2023,5,Spring,13.4,74.0,8.8,0.9,8.7,293.0,1027.4,20.74,92.0,35.6,3.23,-0.9205048534524405,0.3907311284892735
2023-05-24,9.299375,9.299375,False,0,2023,5,Spring,12.8,78.0,8.7,0.0,11.7,296.0,1027.3,24.56,50.0,36.4,3.47,-0.898794046299167,0.4383711467890774
2023-05-25,10.49425,10.49425,False,0,2023,5,Spring,14.9,77.0,10.6,0.4,4.5,277.0,1030.5,17.14,75.0,22.7,2.98,-0.992546151641322,0.12186934340514768
2023-05-26,13.712833333333334,13.712833333333334,False,0,2023,5,Spring,14.6,74.0,9.8,0.0,5.0,175.0,1032.0,18.36,50.0,21.6,3.04,0.0871557427476582,-0.9961946980917455
2023-05-27,8.11125,8.11125,False,0,2023,5,Spring,15.4,65.0,8.6,0.0,7.6,261.0,1027.5,27.73,40.0,33.1,4.53,-0.9876883405951377,-0.15643446504023104
2023-05-28,8.771708333333335,8.771708333333335,False,0,2023,5,Spring,14.3,73.0,9.4,0.4,12.1,59.0,1025.8,20.14,82.0,41.0,3.31,0.8571673007021123,0.5150380749100542
2023-05-29,8.527958333333332,8.527958333333332,False,0,2023,5,Spring,12.6,70.0,6.8,0.0,10.6,63.0,1030.3,27.88,66.0,32.0,4.15,0.8910065241883678,0.4539904997395468
2023-05-30,10.760625,10.760625,False,0,2023,5,Spring,12.7,73.0,7.7,0.0,12.2,53.0,1031.9,23.63,29.0,36.7,3.59,0.7986355100472928,0.6018150231520484
2023-05-31,7.968791666666667,7.968791666666667,False,0,2023,5,Spring,13.0,73.0,8.1,0.0,13.2,63.0,1029.9,21.56,68.0,36.4,3.36,0.8910065241883678,0.4539904997395468
2023-06-01,8.561375,8.561375,False,0,2023,6,Summer,12.7,73.0,7.8,0.0,13.0,57.0,1027.8,23.24,70.0,37.4,3.62,0.838670567945424,0.5446390350150271
2023-06-02,9.38975,9.38975,False,0,2023,6,Summer,13.3,64.0,6.3,0.0,11.2,62.0,1026.8,28.16,34.0,30.2,4.46,0.8829475928589269,0.46947156278589086
2023-06-03,9.514541666666666,9.514541666666666,False,0,2023,6,Summer,13.5,66.0,6.7,0.0,8.6,62.0,1025.8,28.83,32.0,27.7,4.65,0.8829475928589269,0.46947156278589086
2023-06-04,8.567333333333334,8.567333333333334,False,0,2023,6,Summer,13.8,69.0,7.8,0.0,10.2,61.0,1026.1,29.09,3.0,27.7,4.56,0.8746197071393957,0.4848096202463371
2023-06-05,8.072083333333333,8.072083333333333,False,0,2023,6,Summer,13.8,70.0,7.9,0.0,11.2,64.0,1026.2,27.27,16.0,34.9,4.3,0.898794046299167,0.43837114678907746
2023-06-06,8.295125,8.295125,False,0,2023,6,Summer,12.7,72.0,7.5,0.0,10.8,67.0,1025.6,22.86,59.0,30.2,3.56,0.9205048534524404,0.3907311284892737
2023-06-07,9.172708333333334,9.172708333333334,False,0,2023,6,Summer,13.2,67.0,7.0,0.0,12.1,79.0,1024.0,23.99,59.0,32.0,3.83,0.981627183447664,0.19080899537654492
2023-06-08,9.232583333333332,9.232583333333332,False,0,2023,6,Summer,13.0,68.0,7.0,0.0,14.7,81.0,1020.8,28.5,26.0,38.5,4.37,0.9876883405951378,0.15643446504023092
2023-06-09,12.049999999999999,12.049999999999999,False,0,2023,6,Summer,15.1,66.0,8.4,0.0,20.0,71.0,1016.7,28.36,24.0,44.3,4.93,0.9455185755993167,0.32556815445715676
2023-06-10,15.799999999999999,15.799999999999999,False,1,2023,6,Summer,19.3,65.0,12.2,0.0,18.4,78.0,1014.6,26.92,45.0,39.6,5.61,0.9781476007338056,0.20791169081775945
2023-06-11,16.427916666666665,16.427916666666665,False,1,2023,6,Summer,21.4,66.0,14.6,0.1,7.6,38.0,1014.8,23.05,71.0,31.7,4.73,0.6156614753256583,0.7880107536067219
2023-06-12,20.93166666666667,20.93166666666667,False,1,2023,6,Summer,21.5,74.0,16.1,2.0,7.8,71.0,1015.3,26.86,53.0,37.4,5.17,0.9455185755993167,0.32556815445715676
2023-06-13,15.472708333333332,15.472708333333332,False,1,2023,6,Summer,21.6,54.0,11.5,0.0,16.2,74.0,1016.4,28.39,31.0,43.9,6.4,0.9612616959383189,0.27563735581699916
2023-06-14,8.61925,8.61925,False,0,2023,6,Summer,18.4,57.0,9.2,0.0,13.3,70.0,1019.6,30.1,0.0,37.1,5.9,0.9396926207859083,0.3420201433256688
2023-06-15,9.72875,9.72875,False,0,2023,6,Summer,19.6,60.0,10.8,0.0,10.1,87.0,1021.1,27.21,45.0,25.2,5.43,0.9986295347545738,0.052335956242943966
2023-06-16,9.424125,9.424125,False,0,2023,6,Summer,20.9,50.0,9.5,0.0,9.2,117.0,1019.2,25.91,47.0,27.7,5.63,0.8910065241883679,-0.4539904997395467
2023-06-17,10.766541666666667,10.766541666666667,False,0,2023,6,Summer,19.5,52.0,9.3,0.2,11.6,118.0,1014.4,19.89,94.0,29.9,4.65,0.8829475928589269,-0.4694715627858909
2023-06-18,14.176541666666667,14.176541666666667,False,0,2023,6,Summer,18.6,75.0,13.7,12.5,10.6,95.0,1009.2,18.1,95.0,34.6,3.6,0.9961946980917455,-0.08715574274765824
2023-06-19,7.7839583333333335,7.7839583333333335,False,0,2023,6,Summer,18.4,76.0,13.8,3.7,9.9,207.0,1007.9,22.05,44.0,38.2,3.79,-0.4539904997395467,-0.8910065241883679
2023-06-20,6.527208333333333,6.527208333333333,False,0,2023,6,Summer,16.7,84.0,13.9,9.5,6.4,317.0,1007.9,11.91,73.0,28.4,2.13,-0.6819983600624983,0.7313537016191707
2023-06-21,6.211666666666667,6.211666666666667,False,0,2023,6,Summer,17.8,78.0,13.6,0.8,8.9,237.0,1013.9,21.67,43.0,32.8,3.71,-0.838670567945424,-0.544639035015027
2023-06-22,7.075541666666666,7.075541666666666,False,0,2023,6,Summer,18.6,74.0,13.5,0.2,6.4,327.0,1019.7,25.9,36.0,26.6,4.56,-0.544639035015027,0.838670567945424
2023-06-23,7.993333333333333,7.993333333333333,False,0,2023,6,Summer,17.6,80.0,14.0,1.3,9.7,192.0,1021.9,11.11,99.0,39.2,2.37,-0.2079116908177595,-0.9781476007338056
2023-06-24,4.7906249999999995,4.7906249999999995,False,0,2023,6,Summer,21.3,74.0,16.4,1.1,13.8,209.0,1020.5,18.53,85.0,33.5,3.89,-0.48480962024633695,-0.8746197071393959
2023-06-25,5.821583333333333,5.821583333333333,False,0,2023,6,Summer,20.0,74.0,15.0,5.1,14.2,210.0,1012.6,21.05,59.0,50.8,4.12,-0.5000000000000001,-0.8660254037844386
2023-06-26,4.797625,4.797625,False,0,2023,6,Summer,15.9,71.0,10.3,0.4,17.0,268.0,1017.7,24.97,37.0,47.5,4.12,-0.9993908270190958,-0.03489949670250076
2023-06-27,10.093416666666666,10.093416666666666,False,0,2023,6,Summer,16.2,83.0,13.3,2.9,12.0,195.0,1018.4,6.9,95.0,43.6,1.63,-0.2588190451025208,-0.9659258262890683
2023-06-28,4.896791666666666,4.896791666666666,False,0,2023,6,Summer,18.7,80.0,15.1,1.5,13.7,238.0,1015.0,13.14,96.0,35.3,2.7,-0.848048096156426,-0.529919264233205
2023-06-29,4.663958333333333,4.663958333333333,False,0,2023,6,Summer,15.4,68.0,9.2,0.0,12.5,288.0,1016.9,26.91,37.0,40.0,4.31,-0.9510565162951536,0.30901699437494723
2023-06-30,5.7627500000000005,5.7627500000000005,False,0,2023,6,Summer,14.8,82.0,11.8,5.7,13.8,201.0,1008.7,6.44,99.0,41.8,1.52,-0.35836794954530043,-0.9335804264972017
2023-07-01,8.692958333333333,8.692958333333333,False,0,2023,7,Summer,16.0,75.0,11.4,4.2,25.8,272.0,1004.4,19.39,66.0,65.5,3.37,-0.9993908270190958,0.03489949670250128
2023-07-02,6.749291666666667,6.749291666666667,False,0,2023,7,Summer,14.5,68.0,8.5,1.2,24.3,268.0,1009.0,19.54,43.0,59.8,3.65,-0.9993908270190958,-0.03489949670250076
2023-07-03,4.039916666666667,4.039916666666667,False,0,2023,7,Summer,12.9,74.0,8.4,9.6,17.0,260.0,1007.6,13.99,59.0,49.0,2.54,-0.984807753012208,-0.17364817766693033
2023-07-04,4.664874999999999,4.664874999999999,False,0,2023,7,Summer,13.9,71.0,8.2,2.9,12.6,253.0,1007.8,23.28,61.0,36.0,3.76,-0.9563047559630353,-0.2923717047227371
2023-07-05,4.6531666666666665,4.6531666666666665,False,0,2023,7,Summer,14.1,74.0,9.3,2.2,13.5,271.0,1009.3,22.89,46.0,43.2,3.51,-0.9998476951563913,0.01745240643728313
2023-07-06,5.739,5.739,False,0,2023,7,Summer,16.0,70.0,10.2,0.8,16.1,196.0,1012.5,19.63,87.0,45.4,3.76,-0.275637355816999,-0.9612616959383189
2023-07-07,6.63525,6.63525,False,0,2023,7,Summer,19.6,64.0,12.1,0.0,17.4,169.0,1013.6,25.89,43.0,40.3,5.32,0.19080899537654497,-0.981627183447664
2023-07-08,7.77925,7.77925,False,0,2023,7,Summer,20.8,70.0,14.8,20.1,16.6,135.0,1013.3,14.39,63.0,45.4,3.77,0.7071067811865476,-0.7071067811865475
2023-07-09,7.883375,7.883375,False,0,2023,7,Summer,17.5,79.0,13.5,2.2,9.4,190.0,1017.0,23.18,76.0,36.7,3.93,-0.17364817766693047,-0.984807753012208
2023-07-10,5.41375,5.41375,False,0,2023,7,Summer,16.0,81.0,12.6,4.5,15.0,175.0,1015.5,13.55,80.0,47.9,2.56,0.0871557427476582,-0.9961946980917455
2023-07-11,5.0384166666666665,5.0384166666666665,False,0,2023,7,Summer,16.1,82.0,13.0,16.8,13.1,229.0,1006.7,17.37,77.0,38.5,2.76,-0.754709580222772,-0.6560590289905073
2023-07-12,4.642333333333333,4.642333333333333,False,0,2023,7,Summer,14.8,79.0,11.1,2.0,16.2,250.0,1008.5,15.76,59.0,49.7,2.7,-0.9396926207859084,-0.34202014332566855
2023-07-13,5.64875,5.64875,False,0,2023,7,Summer,15.5,78.0,11.4,4.0,9.8,251.0,1013.8,22.61,63.0,32.0,3.55,-0.9455185755993168,-0.32556815445715664
2023-07-14,4.491041666666667,4.491041666666667,False,0,2023,7,Summer,15.5,85.0,12.9,9.7,17.5,144.0,1005.3,6.17,92.0,59.8,1.46,0.5877852522924732,-0.8090169943749473
2023-07-15,5.510166666666667,5.510166666666667,False,0,2023,7,Summer,16.4,76.0,12.2,6.2,25.2,195.0,993.8,21.66,60.0,64.8,3.67,-0.2588190451025208,-0.9659258262890683
2023-07-16,4.117541666666667,4.117541666666667,False,0,2023,7,Summer,15.3,79.0,11.5,9.3,21.7,248.0,1003.9,19.27,83.0,52.6,3.15,-0.9271838545667873,-0.3746065934159123
2023-07-17,4.043916666666667,4.043916666666667,False,0,2023,7,Summer,14.3,81.0,10.9,4.9,12.3,250.0,1015.1,18.81,65.0,40.3,2.85,-0.9396926207859084,-0.34202014332566855
2023-07-18,5.288958333333333,5.288958333333333,False,0,2023,7,Summer,13.7,86.0,11.3,5.4,7.1,174.0,1017.1,6.87,95.0,22.7,1.34,0.10452846326765373,-0.9945218953682733
2023-07-19,4.567708333333333,4.567708333333333,False,0,2023,7,Summer,15.7,79.0,11.8,3.4,10.7,290.0,1015.0,20.93,56.0,36.7,3.35,-0.9396926207859083,0.342020143325669
2023-07-20,8.585916666666668,8.585916666666668,False,0,2023,7,Summer,14.1,76.0,9.7,0.6,10.9,274.0,1016.0,23.72,47.0,34.2,3.69,-0.9975640502598243,0.06975647374412522
2023-07-21,7.174875,7.174875,False,0,2023,7,Summer,14.0,80.0,10.5,2.4,11.3,272.0,1013.3,14.28,92.0,39.2,2.39,-0.9993908270190958,0.03489949670250128
2023-07-22,4.720833333333333,4.720833333333333,False,0,2023,7,Summer,15.2,89.0,13.3,15.3,16.1,180.0,1005.7,6.61,100.0,48.2,1.31,1.2246467991473532e-16,-1.0
2023-07-23,2.5649583333333332,2.5649583333333332,False,0,2023,7,Summer,15.8,91.0,14.4,19.6,14.1,287.0,1000.3,4.25,100.0,38.2,1.0,-0.9563047559630354,0.2923717047227367
2023-07-24,4.154791666666667,4.154791666666667,False,0,2023,7,Summer,14.6,74.0,9.8,7.1,13.4,5.0,1007.4,20.4,74.0,37.8,3.33,0.08715574274765817,0.9961946980917455
2023-07-25,5.491375000000001,5.491375000000001,False,0,2023,7,Summer,13.4,75.0,8.9,0.4,11.3,280.0,1010.5,21.55,50.0,38.9,3.3,-0.9848077530122081,0.17364817766692997
2023-07-26,6.473041666666667,6.473041666666667,False,0,2023,7,Summer,14.4,81.0,10.9,7.6,11.2,181.0,1009.4,17.35,69.0,34.2,2.92,-0.017452406437283637,-0.9998476951563913
2023-07-27,3.2457499999999997,3.2457499999999997,False,0,2023,7,Summer,17.2,88.0,15.1,5.4,13.3,242.0,1000.9,9.18,82.0,37.4,1.68,-0.882947592858927,-0.46947156278589075
2023-07-28,5.209291666666666,5.209291666666666,False,0,2023,7,Summer,17.5,80.0,13.7,0.9,11.2,209.0,1003.4,15.36,88.0,32.0,2.9,-0.48480962024633695,-0.8746197071393959
2023-07-29,5.065875,5.065875,False,0,2023,7,Summer,16.4,75.0,11.7,1.6,17.0,225.0,1002.8,20.34,56.0,43.9,3.57,-0.7071067811865475,-0.7071067811865477
2023-07-30,3.627083333333333,3.627083333333333,False,0,2023,7,Summer,15.5,80.0,12.0,13.4,19.0,240.0,1006.0,16.11,79.0,52.9,2.74,-0.8660254037844384,-0.5000000000000004
2023-07-31,4.153083333333334,4.153083333333334,False,0,2023,7,Summer,16.0,90.0,14.4,15.9,15.8,237.0,1000.8,4.23,96.0,39.2,1.0,-0.838670567945424,-0.544639035015027
2023-08-01,5.157166666666667,5.157166666666667,False,0,2023,8,Summer,14.9,86.0,12.5,2.7,15.2,263.0,999.1,7.68,96.0,39.2,1.47,-0.9925461516413221,-0.12186934340514717
2023-08-02,3.5367916666666663,3.5367916666666663,False,0,2023,8,Summer,15.6,83.0,12.7,11.9,12.4,55.0,988.1,9.95,94.0,34.6,1.96,0.8191520442889918,0.5735764363510462
2023-08-03,4.808458333333333,4.808458333333333,False,0,2023,8,Summer,15.5,80.0,11.9,1.2,12.3,308.0,1005.1,18.65,57.0,34.6,2.98,-0.7880107536067218,0.6156614753256585
2023-08-04,6.031958333333333,6.031958333333333,False,0,2023,8,Summer,15.1,79.0,11.3,2.1,11.5,290.0,1016.8,14.84,74.0,35.6,2.52,-0.9396926207859083,0.342020143325669
2023-08-05,6.686416666666666,6.686416666666666,False,0,2023,8,Summer,12.9,86.0,10.5,13.2,10.3,44.0,1010.1,5.63,97.0,29.9,1.16,0.6946583704589973,0.7193398003386512
2023-08-06,4.243333333333333,4.243333333333333,False,0,2023,8,Summer,13.3,81.0,10.0,0.7,11.0,302.0,1017.0,18.68,35.0,34.6,2.8,-0.8480480961564262,0.5299192642332047
2023-08-07,4.158875,4.158875,False,0,2023,8,Summer,14.1,77.0,9.8,0.6,12.7,273.0,1018.7,21.88,46.0,39.6,3.34,-0.9986295347545738,0.052335956242943946
2023-08-08,4.1205,4.1205,False,0,2023,8,Summer,15.0,77.0,10.7,2.8,11.5,274.0,1014.2,21.81,73.0,32.8,3.42,-0.9975640502598243,0.06975647374412522
2023-08-09,4.465416666666667,4.465416666666667,False,0,2023,8,Summer,16.1,82.0,12.7,0.3,7.6,256.0,1016.9,14.64,77.0,27.0,2.51,-0.9702957262759965,-0.24192189559966779
2023-08-10,6.445625,6.445625,False,0,2023,8,Summer,20.7,78.0,16.4,0.2,9.7,167.0,1017.0,22.48,33.0,31.3,4.18,0.2249510543438652,-0.9743700647852351
2023-08-11,7.356583333333333,7.356583333333333,False,0,2023,8,Summer,19.4,73.0,14.1,0.4,17.4,211.0,1014.1,19.44,54.0,42.5,3.82,-0.5150380749100542,-0.8571673007021123
2023-08-12,5.984791666666666,5.984791666666666,False,0,2023,8,Summer,17.3,77.0,13.1,7.1,19.4,202.0,1009.6,12.9,70.0,52.6,2.7,-0.374606593415912,-0.9271838545667874
2023-08-13,4.399583333333333,4.399583333333333,False,0,2023,8,Summer,16.6,76.0,12.2,1.5,16.3,214.0,1010.1,16.86,90.0,41.4,3.01,-0.5591929034707467,-0.8290375725550418
2023-08-14,3.885666666666667,3.885666666666667,False,0,2023,8,Summer,16.8,88.0,14.8,30.7,15.9,195.0,1006.7,8.0,95.0,42.1,1.56,-0.2588190451025208,-0.9659258262890683
2023-08-15,4.866416666666667,4.866416666666667,False,0,2023,8,Summer,15.9,82.0,12.6,0.9,11.1,261.0,1014.6,19.75,29.0,35.3,3.09,-0.9876883405951377,-0.15643446504023104
2023-08-16,5.9639999999999995,5.9639999999999995,False,0,2023,8,Summer,16.6,80.0,12.8,0.8,4.4,35.0,1021.5,17.08,61.0,17.3,2.91,0.573576436351046,0.8191520442889918
2023-08-17,9.342227272727273,9.342227272727273,False,0,2023,8,Summer,17.8,76.0,13.2,1.3,16.8,90.0,1020.9,20.14,52.0,40.0,3.65,1.0,6.123233995736766e-17
2023-08-18,7.1178333333333335,7.1178333333333335,False,0,2023,8,Summer,17.3,82.0,14.1,7.1,22.6,90.0,1013.8,8.83,97.0,51.1,2.14,1.0,6.123233995736766e-17
2023-08-19,5.816583333333334,5.816583333333334,False,0,2023,8,Summer,19.2,76.0,14.7,8.7,23.1,188.0,1008.9,17.65,66.0,58.0,3.49,-0.13917310096006552,-0.9902680687415703
2023-08-20,6.63225,6.63225,False,0,2023,8,Summer,17.5,78.0,13.4,0.4,12.3,209.0,1019.1,18.14,39.0,34.6,3.13,-0.48480962024633695,-0.8746197071393959
2023-08-21,4.9165,4.9165,False,0,2023,8,Summer,17.0,80.0,13.4,5.8,14.9,201.0,1020.2,15.5,57.0,44.3,2.83,-0.35836794954530043,-0.9335804264972017
2023-08-22,4.370125,4.370125,False,0,2023,8,Summer,17.1,84.0,14.3,2.1,13.6,232.0,1018.1,12.82,55.0,38.2,2.21,-0.7880107536067221,-0.6156614753256581
2023-08-23,6.241208333333333,6.241208333333333,False,0,2023,8,Summer,16.4,87.0,14.1,2.7,6.8,200.0,1018.6,8.23,94.0,23.4,1.55,-0.34202014332566866,-0.9396926207859084
2023-08-24,5.817583333333332,5.817583333333332,False,0,2023,8,Summer,15.7,83.0,12.8,0.5,9.5,258.0,1012.6,9.42,69.0,31.0,1.69,-0.9781476007338056,-0.2079116908177598
2023-08-25,5.671125,5.671125,False,0,2023,8,Summer,12.8,84.0,10.2,4.1,8.7,231.0,1008.8,12.73,75.0,30.2,1.93,-0.7771459614569706,-0.6293203910498378
2023-08-26,6.0132916666666665,6.0132916666666665,False,0,2023,8,Summer,13.9,81.0,10.6,5.1,9.0,253.0,1007.1,12.72,80.0,28.4,2.1,-0.9563047559630353,-0.2923717047227371
2023-08-27,6.478958333333334,6.478958333333334,False,0,2023,8,Summer,12.8,87.0,10.7,5.5,12.0,276.0,1010.0,8.9,60.0,44.6,1.52,-0.9945218953682734,0.10452846326765299
2023-08-28,4.938041666666667,4.938041666666667,False,0,2023,8,Summer,13.6,83.0,10.6,0.3,11.1,285.0,1014.4,12.39,72.0,36.4,2.05,-0.9659258262890684,0.2588190451025203
2023-08-29,7.510916666666667,7.510916666666667,False,0,2023,8,Summer,14.5,82.0,11.2,2.3,11.0,253.0,1010.9,13.16,64.0,34.6,2.11,-0.9563047559630353,-0.2923717047227371
2023-08-30,4.491958333333334,4.491958333333334,False,0,2023,8,Summer,13.7,78.0,9.5,2.3,12.1,285.0,1008.1,16.34,56.0,36.7,2.59,-0.9659258262890684,0.2588190451025203
2023-08-31,7.229791666666666,7.229791666666666,False,0,2023,8,Summer,13.6,81.0,10.1,8.6,8.2,149.0,1008.6,14.62,89.0,29.2,2.4,0.5150380749100544,-0.8571673007021122
2023-09-01,7.923625,7.923625,False,0,2023,9,Autumn,16.3,82.0,13.0,1.6,6.7,84.0,1011.1,12.61,69.0,21.2,2.15,0.9945218953682733,0.10452846326765346
2023-09-02,11.687291666666667,11.687291666666667,False,0,2023,9,Autumn,17.6,79.0,13.7,0.0,6.1,69.0,1021.7,15.05,62.0,21.6,2.58,0.9335804264972017,0.3583679495453004
2023-09-03,10.122916666666667,10.122916666666667,False,0,2023,9,Autumn,16.6,83.0,13.2,0.0,4.9,158.0,1026.4,18.03,95.0,16.9,2.98,0.37460659341591224,-0.9271838545667873
2023-09-04,10.066958333333334,10.066958333333334,False,0,2023,9,Autumn,18.9,79.0,14.8,0.0,5.5,100.0,1023.3,19.12,2.0,17.6,3.39,0.984807753012208,-0.1736481776669303
2023-09-05,9.801583333333333,9.801583333333333,False,0,2023,9,Autumn,19.2,71.0,13.5,0.0,11.8,63.0,1019.1,19.22,2.0,34.2,3.76,0.8910065241883678,0.4539904997395468
2023-09-06,16.498285714285714,16.498285714285714,False,1,2023,9,Autumn,19.8,82.0,16.4,0.0,5.5,56.0,1019.2,17.92,54.0,22.7,3.17,0.8290375725550417,0.5591929034707468
2023-09-07,16.804375,16.804375,False,1,2023,9,Autumn,21.4,79.0,17.5,0.9,7.0,56.0,1018.1,13.4,95.0,23.4,2.76,0.8290375725550417,0.5591929034707468
2023-09-08,25.10429166666667,25.10429166666667,False,1,2023,9,Autumn,20.6,82.0,17.2,0.0,4.7,63.0,1016.3,14.66,65.0,16.2,2.69,0.8910065241883678,0.4539904997395468
2023-09-09,23.191875,23.191875,False,1,2023,9,Autumn,21.0,87.0,18.5,0.0,4.1,299.0,1015.9,15.83,62.0,17.3,2.89,-0.8746197071393956,0.4848096202463373
2023-09-10,14.531374999999999,14.531374999999999,False,0,2023,9,Autumn,20.2,88.0,18.1,6.6,5.2,151.0,1014.5,10.48,71.0,25.2,1.92,0.48480962024633717,-0.8746197071393957
2023-09-11,9.175583333333334,9.175583333333334,False,0,2023,9,Autumn,18.3,88.0,16.2,5.3,9.6,239.0,1011.4,9.16,80.0,31.3,1.65,-0.8571673007021121,-0.5150380749100545
2023-09-12,4.400541666666666,4.400541666666666,False,0,2023,9,Autumn,15.2,85.0,12.7,17.0,12.4,40.0,1015.2,4.44,85.0,34.6,1.14,0.6427876096865393,0.766044443118978
2023-09-13,6.671541666666666,6.671541666666666,False,0,2023,9,Autumn,13.4,73.0,8.5,0.1,9.9,107.0,1021.9,14.07,49.0,27.4,2.42,0.9563047559630355,-0.29237170472273666
2023-09-14,5.671619047619048,5.671619047619048,False,0,2023,9,Autumn,15.8,80.0,12.3,4.7,10.0,205.0,1018.6,8.46,98.0,29.2,1.71,-0.4226182617406993,-0.90630778703665
2023-09-15,9.236541666666666,9.236541666666666,False,0,2023,9,Autumn,17.1,83.0,14.0,2.6,7.5,166.0,1014.5,11.43,91.0,24.8,1.97,0.24192189559966773,-0.9702957262759965
2023-09-16,8.583916666666667,8.583916666666667,False,0,2023,9,Autumn,15.4,84.0,12.7,0.0,18.7,54.0,1015.6,8.18,94.0,41.8,1.66,0.8090169943749475,0.5877852522924731
2023-09-17,10.057916666666666,10.057916666666666,False,0,2023,9,Autumn,16.8,82.0,13.5,10.2,16.2,82.0,1011.8,7.16,98.0,37.4,1.77,0.9902680687415704,0.13917310096006547
2023-09-18,7.726125,7.726125,False,0,2023,9,Autumn,14.3,86.0,12.0,10.2,16.1,240.0,999.6,6.24,81.0,47.9,1.18,-0.8660254037844384,-0.5000000000000004
2023-09-19,4.723958333333333,4.723958333333333,False,0,2023,9,Autumn,15.2,84.0,12.4,18.4,25.3,213.0,997.9,3.08,96.0,60.5,1.26,-0.5446390350150271,-0.838670567945424
2023-09-20,4.539041666666667,4.539041666666667,False,0,2023,9,Autumn,16.0,81.0,12.8,12.2,24.6,200.0,991.7,4.89,78.0,67.3,1.59,-0.34202014332566866,-0.9396926207859084
2023-09-21,5.577791666666666,5.577791666666666,False,0,2023,9,Autumn,11.6,83.0,8.6,4.4,10.4,200.0,993.7,10.5,50.0,33.8,1.62,-0.34202014332566866,-0.9396926207859084
2023-09-22,6.740375,6.740375,False,0,2023,9,Autumn,10.9,85.0,8.4,2.3,12.6,261.0,1000.0,8.34,63.0,42.8,1.36,-0.9876883405951377,-0.15643446504023104
2023-09-23,6.735416666666667,6.735416666666667,False,0,2023,9,Autumn,11.9,78.0,7.9,0.6,10.9,214.0,1013.0,11.08,52.0,33.5,1.88,-0.5591929034707467,-0.8290375725550418
2023-09-24,5.048166666666666,5.048166666666666,False,0,2023,9,Autumn,17.0,78.0,13.1,9.4,27.3,179.0,1011.1,6.2,97.0,64.8,2.08,0.01745240643728344,-0.9998476951563913
2023-09-25,7.994375000000001,7.994375000000001,False,0,2023,9,Autumn,15.7,77.0,11.5,1.0,17.7,205.0,1014.7,12.15,39.0,54.4,2.22,-0.4226182617406993,-0.90630778703665
2023-09-26,8.126041666666667,8.126041666666667,False,0,2023,9,Autumn,15.2,78.0,11.2,0.6,16.4,192.0,1013.9,11.4,52.0,51.8,2.11,-0.2079116908177595,-0.9781476007338056
2023-09-27,6.577208333333334,6.577208333333334,False,0,2023,9,Autumn,14.8,83.0,11.8,3.0,20.3,157.0,1009.6,3.75,91.0,63.4,1.34,0.39073112848927377,-0.9205048534524404
2023-09-28,8.50825,8.50825,False,0,2023,9,Autumn,15.1,79.0,11.5,1.8,19.6,202.0,1008.2,4.2,95.0,59.0,1.46,-0.374606593415912,-0.9271838545667874
2023-09-29,7.224875,7.224875,False,0,2023,9,Autumn,14.0,81.0,10.6,0.2,14.5,250.0,1016.0,11.95,44.0,49.0,1.87,-0.9396926207859084,-0.34202014332566855
2023-09-30,6.83275,6.83275,False,0,2023,9,Autumn,12.5,90.0,11.0,7.4,10.9,167.0,1021.9,2.91,100.0,36.7,0.69,0.2249510543438652,-0.9743700647852351
2023-10-01,4.8417916666666665,4.8417916666666665,False,0,2023,10,Autumn,16.8,92.0,15.4,4.1,13.7,208.0,1016.7,5.09,94.0,37.1,0.94,-0.46947156278589086,-0.8829475928589269
2023-10-02,7.927499999999999,7.927499999999999,False,0,2023,10,Autumn,13.4,90.0,11.7,8.9,6.2,200.0,1016.0,4.18,100.0,17.6,0.78,-0.34202014332566866,-0.9396926207859084
2023-10-03,6.6332916666666675,6.6332916666666675,False,0,2023,10,Autumn,12.4,83.0,9.6,3.1,16.4,254.0,1016.1,8.52,70.0,55.8,1.43,-0.961261695938319,-0.2756373558169989
2023-10-04,6.351333333333334,6.351333333333334,False,0,2023,10,Autumn,13.4,80.0,9.8,0.4,18.0,226.0,1021.7,9.17,89.0,54.0,1.73,-0.7193398003386512,-0.6946583704589973
2023-10-05,6.198958333333334,6.198958333333334,False,0,2023,10,Autumn,14.3,87.0,12.2,11.3,17.1,196.0,1020.0,4.86,100.0,43.6,1.01,-0.275637355816999,-0.9612616959383189
2023-10-06,4.582416666666666,4.582416666666666,False,0,2023,10,Autumn,17.2,88.0,15.1,9.3,19.1,213.0,1018.5,3.5,100.0,46.1,0.98,-0.5446390350150271,-0.838670567945424
2023-10-07,12.436124999999999,12.436124999999999,False,0,2023,10,Autumn,16.9,84.0,14.2,0.2,9.7,191.0,1019.9,8.42,96.0,27.7,1.45,-0.19080899537654472,-0.981627183447664
2023-10-08,12.695541666666665,12.695541666666665,False,0,2023,10,Autumn,15.9,80.0,12.3,0.0,6.2,157.0,1022.7,8.68,99.0,17.6,1.53,0.39073112848927377,-0.9205048534524404
2023-10-09,15.342958333333334,15.342958333333334,False,1,2023,10,Autumn,15.2,90.0,13.6,0.0,5.8,213.0,1020.9,5.9,98.0,20.9,0.99,-0.5446390350150271,-0.838670567945424
2023-10-10,13.336333333333334,13.336333333333334,False,0,2023,10,Autumn,15.9,83.0,12.8,6.7,11.3,204.0,1013.9,8.14,98.0,37.8,1.7,-0.4067366430758002,-0.9135454576426009
2023-10-11,4.7435833333333335,4.7435833333333335,False,0,2023,10,Autumn,13.8,89.0,12.1,12.0,13.6,255.0,1010.1,1.69,100.0,43.9,0.53,-0.9659258262890683,-0.25881904510252063
2023-10-12,9.650125000000001,9.650125000000001,False,0,2023,10,Autumn,9.4,81.0,6.2,0.0,4.9,152.0,1012.2,9.41,68.0,15.5,1.23,0.4694715627858907,-0.882947592858927
2023-10-13,6.203708333333334,6.203708333333334,False,0,2023,10,Autumn,12.1,85.0,9.6,15.8,11.6,282.0,1000.0,3.0,77.0,33.8,0.8,-0.9781476007338056,0.20791169081775943
2023-10-14,5.98675,5.98675,False,0,2023,10,Autumn,8.4,77.0,4.5,1.9,13.8,287.0,1015.5,9.11,31.0,42.8,1.33,-0.9563047559630354,0.2923717047227367
2023-10-15,6.6314166666666665,6.6314166666666665,False,0,2023,10,Autumn,5.7,78.0,2.0,0.0,8.6,323.0,1025.6,8.73,37.0,27.7,1.17,-0.6018150231520483,0.7986355100472928
2023-10-16,9.156958333333334,9.156958333333334,False,0,2023,10,Autumn,7.1,82.0,4.0,0.0,4.9,93.0,1022.8,7.89,88.0,16.9,1.04,0.9986295347545738,-0.05233595624294384
2023-10-17,7.221875,7.221875,False,0,2023,10,Autumn,10.0,78.0,6.1,0.0,17.6,86.0,1015.9,7.56,87.0,43.9,1.49,0.9975640502598242,0.06975647374412523
2023-10-18,10.080666666666668,10.080666666666668,False,0,2023,10,Autumn,12.5,77.0,8.6,3.7,29.1,81.0,997.4,6.23,100.0,60.8,1.77,0.9876883405951378,0.15643446504023092
2023-10-19,6.4347916666666665,6.4347916666666665,False,0,2023,10,Autumn,14.6,86.0,12.4,10.4,16.2,129.0,980.9,6.32,92.0,51.8,1.14,0.777145961456971,-0.6293203910498373
2023-10-20,3.8718749999999997,3.8718749999999997,False,0,2023,10,Autumn,12.3,89.0,10.5,41.8,26.9,61.0,978.9,1.15,100.0,70.6,0.6,0.8746197071393957,0.4848096202463371
2023-10-21,4.994041666666667,4.994041666666667,False,0,2023,10,Autumn,9.5,86.0,7.1,3.9,12.3,337.0,984.7,5.88,86.0,49.3,0.93,-0.3907311284892739,0.9205048534524403
2023-10-22,6.060291666666667,6.060291666666667,False,0,2023,10,Autumn,8.9,85.0,6.3,1.7,9.4,201.0,1002.4,7.63,56.0,25.6,0.99,-0.35836794954530043,-0.9335804264972017
2023-10-23,8.978,8.978,False,0,2023,10,Autumn,9.7,86.0,7.4,0.0,12.3,92.0,1007.6,5.93,92.0,30.6,0.96,0.9993908270190958,-0.034899496702500955
2023-10-24,8.326416666666667,8.326416666666667,False,0,2023,10,Autumn,10.1,89.0,8.3,1.6,9.1,74.0,1001.3,2.97,86.0,28.1,0.55,0.9612616959383189,0.27563735581699916
2023-10-25,10.505208333333334,10.505208333333334,False,0,2023,10,Autumn,7.5,93.0,6.3,0.0,5.8,82.0,997.2,5.01,74.0,19.1,0.59,0.9902680687415704,0.13917310096006547
2023-10-26,10.814749999999998,10.814749999999998,False,0,2023,10,Autumn,9.0,91.0,7.5,4.8,8.4,113.0,990.2,2.76,89.0,23.8,0.44,0.9205048534524403,-0.39073112848927377
2023-10-27,9.940958333333333,9.940958333333333,False,0,2023,10,Autumn,9.4,90.0,7.8,1.9,9.1,130.0,988.5,4.94,91.0,25.2,0.66,0.766044443118978,-0.6427876096865394
2023-10-28,8.609458333333334,8.609458333333334,False,0,2023,10,Autumn,10.0,88.0,8.1,3.8,13.3,115.0,986.1,3.57,89.0,32.8,0.61,0.90630778703665,-0.42261826174069933
2023-10-29,7.040083333333333,7.040083333333333,False,0,2023,10,Autumn,10.3,86.0,8.0,2.5,10.3,156.0,984.4,6.23,85.0,33.8,0.85,0.40673664307580043,-0.9135454576426008
2023-10-30,5.101375,5.101375,False,0,2023,10,Autumn,9.8,89.0,8.0,6.1,11.9,78.0,993.4,3.46,95.0,31.3,0.57,0.9781476007338056,0.20791169081775945
2023-10-31,5.960166666666667,5.960166666666667,False,0,2023,10,Autumn,9.4,89.0,7.6,4.4,13.3,77.0,998.7,2.08,96.0,35.3,0.48,0.9743700647852352,0.22495105434386492
2023-11-01,6.703,6.703,False,0,2023,11,Autumn,10.6,83.0,7.8,2.9,20.4,170.0,986.9,4.99,82.0,56.9,1.0,0.17364817766693028,-0.984807753012208
2023-11-02,4.232409090909091,4.232409090909091,False,0,2023,11,Autumn,9.2,88.0,7.4,11.6,21.9,354.0,967.5,2.0,96.0,55.8,0.57,-0.10452846326765342,0.9945218953682733
2023-11-03,6.3345416666666665,6.3345416666666665,False,0,2023,11,Autumn,9.4,88.0,7.5,3.4,17.9,264.0,978.1,5.19,62.0,42.1,0.72,-0.9945218953682734,-0.10452846326765336
2023-11-04,10.148416666666666,10.148416666666666,False,0,2023,11,Autumn,7.7,88.0,5.8,1.9,15.7,75.0,970.3,2.06,98.0,37.1,0.48,0.9659258262890683,0.25881904510252074
2023-11-05,12.292625000000001,12.292625000000001,False,0,2023,11,Autumn,8.0,88.0,6.1,2.4,11.4,284.0,978.5,5.45,66.0,33.1,0.66,-0.9702957262759966,0.24192189559966745
